,cik_year,roa
0,717059_2006,0.7561931459456261
1,200138_2006,0.7623704663119454
2,855876_2006,0.7512743414234819
3,1115055_2006,0.7409675260852769
4,1279410_2006,0.7416260455045908
5,1264755_2006,0.7338752333905885
6,36029_2006,0.7748179788656397
7,46195_2006,0.7787801792688038
8,814184_2006,0.7772001315048976
9,714310_2006,0.7620130437924525
10,719220_2006,0.774062053228648
11,857855_2006,0.7467187158379948
12,354869_2006,0.7448487146616967
13,702325_2006,0.764984398269276
14,729986_2006,0.7623596251756295
15,891098_2006,0.75299308786637
16,1046025_2006,0.7583585715668325
17,1047170_2006,0.7415399772361368
18,1077428_2006,0.7387974629635439
19,34782_2006,0.7494633583143943
20,705432_2006,0.7390747589577531
21,776901_2006,0.7550801980237086
22,879635_2006,0.7478088891079351
23,92339_2006,0.7553149486484041
24,102212_2006,0.7617777841737968
25,1060523_2006,0.7241778891605442
26,1066254_2006,0.7434731632695184
27,1074902_2006,0.7562532202840635
28,52617_2006,0.7057656021994768
29,702513_2006,0.7535348097032328
30,721994_2006,0.7489032735415807
31,854399_2006,0.7424520252419414
32,887343_2006,0.7592626927530218
33,921547_2006,0.758056190001059
34,707179_2006,0.7469320978521485
35,707605_2006,0.7158839165404256
36,726990_2006,0.7279940922593664
37,889936_2006,0.7431974716938778
38,927807_2006,0.7564787872655958
39,1108236_2006,0.7698309038971852
40,1109525_2006,0.7272410391754683
41,356171_2006,0.7653542324107229
42,715072_2006,0.7497499480162727
43,759718_2006,0.7269400392890262
44,913341_2006,0.7764032644819233
45,1072847_2006,0.7284665213116227
46,1102266_2006,0.7387267789287794
47,203596_2006,0.7459987138636203
48,311094_2006,0.7946876326470343
49,750686_2006,0.7543995469379503
50,801337_2006,0.7386034601331111
51,821127_2006,0.7456024224771419
52,883948_2006,0.7585893067947304
53,920112_2006,0.7402689971304617
54,934547_2006,0.7478017014171562
55,1025536_2006,0.7639831331930652
56,1058690_2006,0.7565272983053463
57,1082368_2006,0.7159851445631812
58,1102112_2006,0.7640966867003354
59,1304740_2006,0.7565864460137535
60,318300_2006,0.7545732617911723
61,708955_2006,0.7325890722137703
62,720002_2006,0.744382480544478
63,722256_2006,0.7692150429571543
64,764241_2006,0.7362383914193398
65,775662_2006,0.7427886890735698
66,1010002_2006,0.7709839231299397
67,1013796_2006,0.7350578417038615
68,1036070_2006,0.7567259147092393
69,1068300_2006,0.7508761471826598
70,1077771_2006,0.7545835678312737
71,1118237_2006,0.7150371676743086
72,1128361_2006,0.7764077279674209
73,354647_2006,0.7558911298114138
74,64908_2006,0.7753531620877823
75,700733_2006,0.7557136997373195
76,700863_2006,0.7487983642308835
77,713095_2006,0.7555247716201742
78,717538_2006,0.7529006945866442
79,742054_2006,0.7369677915104009
80,747345_2006,0.7625275148757509
81,764402_2006,0.7567415282077296
82,796317_2006,0.7295465917040083
83,796534_2006,0.7678573820501225
84,840256_2006,0.7426072866713975
85,90498_2006,0.7495495566590824
86,906465_2006,0.7141467745337687
87,101382_2006,0.7337174718002011
88,1028734_2006,0.7515696101249391
89,1051379_2006,0.7308020296573552
90,1068851_2006,0.7631050011514792
91,1084717_2006,0.7667444384785808
92,1102287_2006,0.766159665323507
93,1130144_2006,0.7732678747378741
94,1132651_2006,0.7613178668021361
95,1137547_2006,0.7902457206626441
96,1139812_2006,0.7411568492165383
97,1159427_2006,0.7172749504847847
98,16614_2006,0.72893985176173
99,350852_2006,0.76178568445612
100,357264_2006,0.7594369514032099
101,701347_2006,0.7673369640032032
102,702902_2006,0.7573239956636673
103,708781_2006,0.7809094402165776
104,711669_2006,0.7409558048679512
105,714395_2006,0.7452271951749042
106,714530_2006,0.7309872647405444
107,714756_2006,0.7434215660732258
108,717306_2006,0.7470149772951933
109,730708_2006,0.747991478292606
110,737468_2006,0.7499495824080863
111,741516_2006,0.7684754399298965
112,763907_2006,0.745111088432119
113,773845_2006,0.7299643648107973
114,783739_2006,0.7472675827319544
115,790359_2006,0.7524013889131361
116,797871_2006,0.739113731363681
117,811589_2006,0.7438619467775641
118,811671_2006,0.7529534646442332
119,822662_2006,0.7319268010304282
120,826154_2006,0.7671095568127377
121,846617_2006,0.7665052983247751
122,854395_2006,0.7592140947057566
123,859070_2006,0.7664851647859028
124,862831_2006,0.7441570775721107
125,868671_2006,0.764086332806101
126,891106_2006,0.7372912980656754
127,926966_2006,0.7498248005810605
128,932781_2006,0.7323515308230449
129,1000234_2006,0.7388100229333101
130,1005817_2006,0.7591997167139733
131,1027324_2006,0.7697192863071145
132,1061068_2006,0.7263568335743275
133,1061580_2006,0.7469771229358276
134,106926_2006,0.7663388703508985
135,1071992_2006,0.7422970840001389
136,1092099_2006,0.736940791773516
137,1102595_2006,0.7519151256660626
138,1109242_2006,0.7812267392207248
139,1138817_2006,0.747348622836141
140,1168455_2006,0.7523819557847561
141,1172353_2006,0.7253398953994789
142,1174820_2006,0.7662963280266478
143,1178970_2006,0.7452283258375562
144,1236964_2006,0.739983071730957
145,1285224_2006,0.7780795512576995
146,1295401_2006,0.7452999865316717
147,1304366_2006,0.7478854561557975
148,314489_2006,0.7546400661608621
149,351077_2006,0.7242305521988902
150,351569_2006,0.7515740257563037
151,353191_2006,0.7544980916489564
152,356708_2006,0.7849492600234929
153,37808_2006,0.7535489614754782
154,700564_2006,0.7586609313807274
155,705200_2006,0.7578771633390722
156,714710_2006,0.7556142153451559
157,716605_2006,0.7754190876815747
158,723188_2006,0.741680328622858
159,723458_2006,0.7325159041144648
160,726601_2006,0.7602656762276454
161,740971_2006,0.7406157942922748
162,744126_2006,0.7411512863910941
163,750577_2006,0.7788125243123466
164,764038_2006,0.7441125423407386
165,765207_2006,0.7529722365155025
166,787849_2006,0.7133010101576792
167,818969_2006,0.7529323000663132
168,834285_2006,0.7481932748211567
169,854560_2006,0.7642599432503057
170,861842_2006,0.7682842496173724
171,865911_2006,0.7735637133385517
172,893847_2006,0.745962986837986
173,908837_2006,0.7191046998096532
174,914138_2006,0.7497263907317019
175,921557_2006,0.7450423568459815
176,922487_2006,0.7737406735720673
177,925464_2006,0.7453635476962557
178,93451_2006,0.7293814988604429
179,946090_2006,0.7111868402282706
180,946673_2006,0.7445893635323306
181,949953_2006,0.7372392632215846
182,1170833_2006,0.7611201770282733
183,1115568_2006,0.7675261661940193
184,840387_2006,0.7001538092740378
185,1084727_2006,0.7343197547825453
186,1263762_2006,0.7357946113314071
187,741390_2006,0.7421774521479008
188,1103764_2006,0.7437672082102831
189,742679_2006,0.7437836169574565
190,1019650_2006,0.7221488382476055
191,1071264_2006,0.7382738421700129
192,1262276_2006,0.6001041488650197
193,767405_2006,0.7261563034401514
194,806279_2006,0.7467942983958298
195,1106980_2006,0.7421673840733518
196,1313730_2006,0.743223989409132
197,1053352_2006,0.7770018718318144
198,1083643_2006,0.7512865224755223
199,1143848_2006,0.7055707303379884
200,1323033_2006,0.7376956498283038
201,921590_2006,0.7257421628970958
202,832847_2006,0.7396877543052917
203,1019883_2006,0.7390101075890115
204,1082484_2006,0.7274797556026781
205,1090009_2006,0.7378801518731828
206,754597_2006,0.7459953466728062
207,762128_2006,0.7431587951134996
208,835012_2006,0.76594777157289
209,855574_2006,0.6949101778575855
210,887919_2006,0.7573797239767517
211,933590_2006,0.7264613465657958
212,1024321_2006,0.7442382638489219
213,1109848_2006,0.7528457797938211
214,1156953_2006,0.7235446784870696
215,1172678_2006,0.7640095878278714
216,1181001_2006,0.7348004939225186
217,1210227_2006,0.7327643423263154
218,1324410_2006,0.7436067928907012
219,315849_2006,0.7503996896824787
220,745981_2006,0.7489824416790913
221,750574_2006,0.7496659727135819
222,857499_2006,0.7304661636846356
223,1084887_2006,0.7300555356349433
224,1099958_2006,0.7250006644111331
225,1002682_2006,0.769724680773018
226,1076394_2006,0.7123991468164931
227,811831_2006,0.7355051325450072
228,1046050_2006,0.7660528070444833
229,1057706_2007,0.7218078492724277
230,717059_2007,0.7322452489688054
231,1115568_2007,0.7194978867680115
232,1174820_2007,0.7504409355947624
233,46195_2007,0.7808699301042097
234,34782_2007,0.7344359367868306
235,750577_2007,0.7576422735023534
236,1139812_2007,0.7566804967866319
237,36029_2007,0.7746844527833993
238,729986_2007,0.7539018813560919
239,1102112_2007,0.7804347141659366
240,311094_2007,0.7902297156303383
241,708955_2007,0.7506315908110719
242,801337_2007,0.7290350767010176
243,814184_2007,0.7772100590623104
244,857855_2007,0.7353010490239359
245,92339_2007,0.7348619281884087
246,1115055_2007,0.7309798764974444
247,351077_2007,0.7370431313172703
248,354869_2007,0.7560207449058742
249,37808_2007,0.7543516667026805
250,700863_2007,0.7275448728966601
251,714310_2007,0.7568477600326483
252,719220_2007,0.7759541751954513
253,764402_2007,0.7405331576001957
254,776901_2007,0.7491600283667119
255,797871_2007,0.7275319079069136
256,821127_2007,0.7072218953470742
257,868671_2007,0.7665143471062907
258,889936_2007,0.7148543270379205
259,891098_2007,0.7553568732193015
260,891106_2007,0.7379644556292411
261,101382_2007,0.7391170942041192
262,1061580_2007,0.7422682849478526
263,1068851_2007,0.7620107728963221
264,106926_2007,0.7641536331186238
265,1077771_2007,0.7375633227096142
266,1109242_2007,0.6384714436312484
267,1178970_2007,0.7301323523943726
268,1212545_2007,0.733073121119598
269,1264755_2007,0.7171672860811386
270,354647_2007,0.7464367366643135
271,357264_2007,0.7640784238230264
272,700564_2007,0.7462855223893978
273,700733_2007,0.7532850067785162
274,701347_2007,0.7090077639981027
275,702325_2007,0.7476583839442631
276,707179_2007,0.7460848182401927
277,712537_2007,0.7387586610923446
278,790359_2007,0.7466517552898164
279,818969_2007,0.7261816926679415
280,861842_2007,0.7570327641108863
281,1077428_2007,0.7344150123496508
282,1304740_2007,0.7655694846514023
283,705432_2007,0.7376081006919519
284,887343_2007,0.7488777107337989
285,921547_2007,0.7449225148705956
286,1046025_2007,0.7571356026427366
287,721994_2007,0.7465770110493843
288,1074902_2007,0.7474414002540436
289,707605_2007,0.7191477267657601
290,865911_2007,0.7590278203178059
291,715072_2007,0.7420169680923823
292,840256_2007,0.6344181637618287
293,102212_2007,0.7609273553248509
294,1082368_2007,0.7136670159684847
295,90498_2007,0.7487686598654081
296,1108236_2007,0.7688516691236645
297,1109525_2007,0.7312003039450907
298,52617_2007,0.6659877119374175
299,702513_2007,0.7475283277217039
300,714395_2007,0.7407146896435647
301,747345_2007,0.7599522273060181
302,750686_2007,0.7559587215991104
303,775662_2007,0.7334489396378971
304,879635_2007,0.7444245038689044
305,913341_2007,0.7515206770987429
306,1013796_2007,0.6972711080589261
307,1047170_2007,0.7456561870306224
308,1102266_2007,0.7324302047578728
309,1170833_2007,0.7529561401253063
310,318300_2007,0.7468155169184089
311,764241_2007,0.7444402926875364
312,859070_2007,0.7645240023562853
313,927807_2007,0.7463993360491366
314,203596_2007,0.7406524127098958
315,351569_2007,0.7357729656019314
316,862831_2007,0.7429842641297908
317,1036070_2007,0.7509395756607841
318,1068300_2007,0.7408464559988228
319,1084727_2007,0.7289857852038614
320,1102287_2007,0.76129830751286
321,1118237_2007,0.7261145759412745
322,1168455_2007,0.7451063804555054
323,1172678_2007,0.7545078973958489
324,1313730_2007,0.7440804091604939
325,707604_2007,0.7400638525527502
326,717538_2007,0.7521372384492662
327,720002_2007,0.7420715674829652
328,737468_2007,0.7453255114911846
329,742054_2007,0.7260329098180205
330,763907_2007,0.7421932209548044
331,796534_2007,0.7666816147026829
332,834285_2007,0.7340328975325595
333,1025536_2007,0.692854865466523
334,1028734_2007,0.7464526755709083
335,1051379_2007,0.7264462929606618
336,1058690_2007,0.7509006876521453
337,1060523_2007,0.7160984792465521
338,1066254_2007,0.7370730136131131
339,1071992_2007,0.7270870054220429
340,1084717_2007,0.7638404756721703
341,1128361_2007,0.7641582488672719
342,1130144_2007,0.7786886125604665
343,1132651_2007,0.7601482160829709
344,1138817_2007,0.7453241419929052
345,1172353_2007,0.7118534865844831
346,16614_2007,0.7236971060817761
347,350852_2007,0.7594556275662132
348,353191_2007,0.7345135409642667
349,356171_2007,0.7609951037260737
350,702902_2007,0.7342045920712931
351,708781_2007,0.7902882151327619
352,711669_2007,0.7353217750839826
353,712771_2007,0.7210453710995134
354,713095_2007,0.7374312057140723
355,714530_2007,0.6925865186302251
356,714756_2007,0.7282207694567846
357,716605_2007,0.7660417614405082
358,722256_2007,0.768924215989316
359,723188_2007,0.7442827138129297
360,726601_2007,0.7539174774530792
361,726990_2007,0.7220796838049471
362,730708_2007,0.7221164053264729
363,741516_2007,0.7690263845633042
364,744126_2007,0.741032246189955
365,773845_2007,0.744040359166498
366,783739_2007,0.7165747105271953
367,796317_2007,0.7360987896023565
368,822662_2007,0.7216739438374237
369,826154_2007,0.7662937439034649
370,835012_2007,0.7621800373151737
371,846617_2007,0.7639628821940483
372,906465_2007,0.7215818633497127
373,921557_2007,0.7388008745281902
374,923529_2007,0.7424922536013421
375,925464_2007,0.7146775142821421
376,934547_2007,0.7438433215139569
377,946673_2007,0.7403148370395147
378,1000234_2007,0.7236962690694858
379,1004740_2007,0.6971012972328829
380,1005817_2007,0.7531840954631136
381,1010002_2007,0.7649828408347652
382,1024321_2007,0.70599960077472
383,1053352_2007,0.750070775175136
384,1061068_2007,0.6765408111814122
385,1137547_2007,0.7680200817519995
386,1156953_2007,0.730220738107977
387,1159427_2007,0.7255037784035542
388,1181001_2007,0.6817026285618358
389,1285224_2007,0.7576480464509454
390,1295401_2007,0.7443374550257613
391,1304366_2007,0.7569525692847037
392,1366367_2007,0.7370976271689107
393,314489_2007,0.7372201942196531
394,356708_2007,0.7718081714177504
395,705200_2007,0.7437071673697387
396,715579_2007,0.7418226898831659
397,723458_2007,0.7212063067240324
398,740971_2007,0.7467079834610721
399,745981_2007,0.7492642242157895
400,764038_2007,0.740683342576214
401,765207_2007,0.7511536837526469
402,770460_2007,0.7562858655035316
403,811589_2007,0.7455070191724494
404,854395_2007,0.7511810258641016
405,854560_2007,0.7569771837105765
406,883948_2007,0.7419063393427147
407,893847_2007,0.7329378522768406
408,914138_2007,0.7204032952303789
409,920112_2007,0.7387244449522009
410,922487_2007,0.7064803566201361
411,946090_2007,0.6694496526296762
412,1331520_2007,0.7433734857206725
413,806279_2007,0.7511958475942093
414,908837_2007,0.7417168013028922
415,1072847_2007,0.688563467346556
416,1090009_2007,0.7283517457838105
417,767405_2007,0.7298085500135485
418,1019650_2007,0.7406486161369974
419,1228454_2007,0.7388251722467101
420,921590_2007,0.72575685977142
421,1324410_2007,0.4512571483035646
422,832847_2007,0.7419899439933934
423,932781_2007,0.7350577259838671
424,1109848_2007,0.7420764538249836
425,1143848_2007,0.7305801213418108
426,946738_2007,0.6448701633191518
427,1042521_2007,0.6811482697535564
428,1098146_2007,0.718988274184327
429,1106980_2007,0.7477556144067616
430,754597_2007,0.7294256007943924
431,1019883_2007,0.7295113427846667
432,1071264_2007,0.7373919479234966
433,1099958_2007,0.6873476804577506
434,750574_2007,0.7482633637245215
435,759718_2007,0.7253479214076608
436,887919_2007,0.7609472452426824
437,1082484_2007,0.7263746505381242
438,1083643_2007,0.7485448286837916
439,1210227_2007,0.7331938305599042
440,1234383_2007,0.716564568496259
441,1323033_2007,0.7378890653580132
442,1343034_2007,0.7348174073132765
443,1370291_2007,0.7323698946290709
444,315849_2007,0.7320740264458383
445,855574_2007,0.7166299616040623
446,933590_2007,0.7230652622963554
447,717306_2007,0.7415156307934089
448,1263762_2007,0.7167726373965353
449,1002682_2007,0.7620994248529213
450,1076394_2007,0.7155809650754316
451,1057706_2007,0.7218078492724277
452,811831_2007,0.719304620021152
453,1046050_2007,0.7596317090238316
454,1107160_2007,0.7228165404400073
455,814184_2008,0.7380739563264823
456,1174820_2008,0.7050265551067335
457,34782_2008,0.7370961280294346
458,354869_2008,0.7513903224404086
459,36029_2008,0.7765585859465645
460,1212545_2008,0.508349713114255
461,46195_2008,0.7822497344237004
462,737468_2008,0.7370877879241252
463,92339_2008,0.5561904600236514
464,1077428_2008,0.7250985130620227
465,1077771_2008,0.730389541822039
466,707179_2008,0.7390806902600215
467,708955_2008,0.7315656454535225
468,729986_2008,0.7512506840802694
469,750577_2008,0.7442370035450733
470,90498_2008,0.7446105333307016
471,101382_2008,0.7434314436013179
472,1102112_2008,0.0
473,311094_2008,0.7691059398842546
474,702325_2008,0.7297278788212237
475,714310_2008,0.7322247582640857
476,801337_2008,0.6249366242701815
477,891106_2008,0.5904394281025649
478,1057706_2008,0.7290986992058993
479,1061580_2008,0.6827377156341492
480,1068851_2008,0.7450839425226096
481,106926_2008,0.7251473286280742
482,1109242_2008,0.5899677908186912
483,1139812_2008,0.7125341294045275
484,1178970_2008,0.7322242353489231
485,1264755_2008,0.7283040843724398
486,318300_2008,0.7207582767540505
487,351077_2008,0.5738931612019589
488,354647_2008,0.745825191732043
489,357264_2008,0.6942240187611171
490,37808_2008,0.7230734549239277
491,700564_2008,0.7030513989540208
492,700733_2008,0.719490946178574
493,700863_2008,0.7308249778893241
494,701347_2008,0.5937156612608303
495,712537_2008,0.733731453907793
496,716457_2008,0.6094473159558648
497,719220_2008,0.763570639267223
498,790359_2008,0.7521348892463727
499,797871_2008,0.5295787026973369
500,818969_2008,0.6783867034454971
501,857855_2008,0.6721660502916572
502,861842_2008,0.7235365954889657
503,868671_2008,0.7559897354276801
504,889936_2008,0.6646563712385819
505,891098_2008,0.7376335978090602
506,927807_2008,0.7184749855331517
507,1324410_2008,0.1733982328765089
508,721994_2008,0.7406111267741555
509,921547_2008,0.713449995735109
510,1074902_2008,0.748772605656194
511,726990_2008,0.2581576907923728
512,1046025_2008,0.7337630911452047
513,1047170_2008,0.7172685040980299
514,1082368_2008,0.6674218132963778
515,1127371_2008,0.734262519934346
516,1331520_2008,0.7216180906685558
517,350852_2008,0.7385348420917801
518,717059_2008,0.6936460848317263
519,906465_2008,0.7227389036347532
520,925464_2008,0.31574646815942814
521,102212_2008,0.7475266341204326
522,1108236_2008,0.7630469975918885
523,1304740_2008,0.6708589464060812
524,705432_2008,0.7540157654919174
525,707605_2008,0.7293471008745938
526,1102266_2008,0.7157247563042414
527,1115055_2008,0.7328134741646825
528,717538_2008,0.7579570057848207
529,775662_2008,0.7065659346012454
530,887343_2008,0.7129442597712364
531,913341_2008,0.7258184423851225
532,1109525_2008,0.7305785247539184
533,834285_2008,0.7024042315791486
534,865911_2008,0.44761044584899606
535,879635_2008,0.7318356014938023
536,862831_2008,0.6451965850612021
537,1068300_2008,0.7096129182284279
538,203596_2008,0.7363156801945355
539,351569_2008,0.6974837304974776
540,715072_2008,0.7327193677069948
541,744126_2008,0.7228202234680992
542,763907_2008,0.7281058677680762
543,796534_2008,0.7677815201981658
544,1025536_2008,0.5811259436253167
545,1058690_2008,0.7448525151499332
546,1072847_2008,0.71621491531278
547,1106980_2008,0.6829830607288567
548,1130144_2008,0.7485701957246655
549,1170833_2008,0.7245793283466223
550,356171_2008,0.7403276158331802
551,708781_2008,0.7979645096609076
552,713095_2008,0.7132434977555084
553,714395_2008,0.7513335630882765
554,723188_2008,0.7431840973337751
555,742054_2008,0.6971847952993563
556,747345_2008,0.7412296366579677
557,764241_2008,0.5608812570034796
558,802681_2008,0.7397958185084672
559,859070_2008,0.7085480002382091
560,1019650_2008,0.7243909005226858
561,1051379_2008,0.5117023345199403
562,1066254_2008,0.7222293175883606
563,1071992_2008,0.5581208348442369
564,1083643_2008,0.7354483758031005
565,1084717_2008,0.7561630326448322
566,1102287_2008,0.6823399760075908
567,1128361_2008,0.7090466063277964
568,1141688_2008,0.737451974407801
569,1159427_2008,0.718679940869519
570,1168455_2008,0.7074539823237186
571,1172353_2008,0.7256821564245197
572,1313730_2008,0.7017362151591078
573,1319327_2008,0.6824400363895008
574,314489_2008,0.6675476722764341
575,353191_2008,0.6956878244855529
576,52617_2008,0.40315276862501015
577,702513_2008,0.7168894623863534
578,702902_2008,0.7244434922148699
579,707604_2008,0.7414429695128757
580,711669_2008,0.7116070347541902
581,715579_2008,0.7346006707243984
582,716605_2008,0.7578943603743277
583,722256_2008,0.7574271300210671
584,740971_2008,0.7399387796855881
585,741516_2008,0.7487769386304197
586,764402_2008,0.6966424696303424
587,765207_2008,0.7506131930721154
588,776901_2008,0.733292973447573
589,811589_2008,0.7393649264086308
590,821127_2008,0.47181433111474463
591,822662_2008,0.6743695895546226
592,835012_2008,0.689573491469259
593,846617_2008,0.749928422180542
594,883948_2008,0.7293037546009083
595,921557_2008,0.7417242156482466
596,923529_2008,0.5007424068444147
597,93451_2008,0.7360020920608848
598,934547_2008,0.7438620603223707
599,946090_2008,0.6543628919771732
600,946673_2008,0.5831011186151563
601,1000234_2008,0.6726219909848642
602,1005817_2008,0.7498197976489724
603,1010002_2008,0.6023890271029844
604,1013796_2008,0.6480103080238725
605,1028734_2008,0.7067134611931671
606,1036070_2008,0.7184090438429691
607,1042521_2008,0.2954318274958737
608,1053352_2008,0.7096740618892194
609,1060523_2008,0.7052747069333499
610,1098146_2008,0.6706863661308492
611,1099958_2008,0.7103621821350663
612,1118237_2008,0.7092724191055572
613,1132651_2008,0.7367628714120771
614,1137547_2008,0.7278256248293483
615,1138817_2008,0.7092005339320541
616,1172678_2008,0.5348540988172098
617,1210227_2008,0.7155887226654309
618,1285224_2008,0.7515681179460642
619,1295401_2008,0.6016982657440325
620,356708_2008,0.6628405561671724
621,705200_2008,0.6855144373461345
622,712534_2008,0.7233279379828533
623,712771_2008,0.7293975678432719
624,714530_2008,0.5854705203031534
625,714756_2008,0.620474783214578
626,720002_2008,0.733293301465903
627,723458_2008,0.7092031415472658
628,726601_2008,0.7311752792787867
629,730708_2008,0.6188538723714524
630,745981_2008,0.730273872727052
631,750686_2008,0.7330528044299075
632,764038_2008,0.7293815253977349
633,764811_2008,0.57729289282641
634,770460_2008,0.7289917935077802
635,783739_2008,0.7071778567110916
636,796317_2008,0.7375129366579246
637,811808_2008,0.7107106328746939
638,826154_2008,0.7587577011384362
639,854395_2008,0.725080150996147
640,854560_2008,0.6973190722564475
641,893847_2008,0.6004437696470308
642,894671_2008,0.7442605355974649
643,914138_2008,0.7158655544745499
644,920112_2008,0.7180930917151475
645,922487_2008,0.5636348751750825
646,908837_2008,0.7363161156671459
647,921590_2008,0.715371351356734
648,1228454_2008,0.7306653647790265
649,767405_2008,0.7390734338333061
650,1090009_2008,0.7161876510730508
651,832847_2008,0.7178170103458417
652,806279_2008,0.7322011513852316
653,1143848_2008,0.6890013544155267
654,1071264_2008,0.7049120233565755
655,1019883_2008,0.6940712174691356
656,1051343_2008,0.7143680242024278
657,315849_2008,0.6837448998315765
658,754597_2008,0.5740241553655252
659,887919_2008,0.7498144858402077
660,932781_2008,0.6591127061541368
661,1095274_2008,0.464508009940069
662,1115568_2008,0.5546270916002889
663,1181001_2008,0.6360607786294648
664,1263762_2008,0.703175137169413
665,1323648_2008,0.7097255259640146
666,1343034_2008,0.7106491485794828
667,1366367_2008,0.7135960987535812
668,1370291_2008,0.7280700437290631
669,750574_2008,0.7432670903216264
670,759718_2008,0.3362106921420377
671,855574_2008,0.7115161253876254
672,933590_2008,0.7086320874760674
673,1234383_2008,0.41207686402191107
674,1412665_2008,0.6337483190093804
675,1323033_2008,0.7322545252749716
676,1002682_2008,0.6056800515387272
677,1076394_2008,0.6576823809213088
678,1222915_2008,0.7209871426254977
679,1375320_2008,0.7139205824032443
680,811831_2008,0.718602537244404
681,1107160_2008,0.7276335744475426
682,769207_2008,0.7095922852664219
683,1324410_2009,0.644840080470988
684,354869_2009,0.7384770969445079
685,814184_2009,0.72574659114455
686,1077428_2009,0.722998113376908
687,1115055_2009,0.6744492684262436
688,34782_2009,0.7289752407631702
689,36029_2009,0.775925815096076
690,717059_2009,0.5593978354348831
691,46195_2009,0.7550329050891621
692,101382_2009,0.7379382902944209
693,712537_2009,0.6910206996402147
694,729986_2009,0.7420714743849246
695,90498_2009,0.7400159422998878
696,1046025_2009,0.7070517467578595
697,1077771_2009,0.633441556615248
698,1139812_2009,0.6941006425404892
699,1264755_2009,0.7285162487164271
700,311094_2009,0.8142285763887455
701,354647_2009,0.7467877432496818
702,701347_2009,0.4242631800168553
703,702325_2009,0.6900329868544739
704,707179_2009,0.7120263465888744
705,714310_2009,0.7399086759556207
706,719220_2009,0.7128551658164632
707,737468_2009,0.7288372490202442
708,750577_2009,0.7419644555770365
709,857855_2009,0.5803963247103564
710,887343_2009,0.699168287337514
711,1015328_2009,0.7305834110959368
712,1057706_2009,0.6435697707582125
713,1068851_2009,0.7595548204832029
714,106926_2009,0.681826974046176
715,1102112_2009,0.6969211764514005
716,1178970_2009,0.6270353151277098
717,357264_2009,0.4615776664552398
718,37808_2009,0.7250970361094627
719,700564_2009,0.7238930108964774
720,700733_2009,0.5449118020703638
721,700863_2009,0.7085892344044783
722,790359_2009,0.7459715640387727
723,801337_2009,0.6860131291816273
724,861842_2009,0.6792620864846602
725,868671_2009,0.7287124719786316
726,889936_2009,0.693716119790432
727,927807_2009,0.7102319558128161
728,351077_2009,0.5170746787629269
729,705432_2009,0.7684239097293903
730,714395_2009,0.7473241671989822
731,797871_2009,0.4572334552089643
732,1074902_2009,0.7505641860895317
733,1128361_2009,0.6968481954182512
734,318300_2009,0.7136669045988661
735,707605_2009,0.6826080744374344
736,763907_2009,0.6763093999051261
737,879635_2009,0.6880860244862724
738,102212_2009,0.7270492341548537
739,1102266_2009,0.6891176282127399
740,1108236_2009,0.7161686673384835
741,1331520_2009,0.7479958338887857
742,715072_2009,0.7266865550763679
743,717538_2009,0.7560392470538483
744,764241_2009,0.41991551457225124
745,775662_2009,0.706578943660298
746,891106_2009,0.3693693038001928
747,906465_2009,0.7088928706621158
748,921547_2009,0.6721166813578129
749,921557_2009,0.7513324363409628
750,1007273_2009,0.7351544296158649
751,1082368_2009,0.24699001527429965
752,1090009_2009,0.7131434312830723
753,913341_2009,0.7316203540385362
754,1047170_2009,0.6705548938609903
755,1118237_2009,0.5970824213876338
756,1304740_2009,0.7119572682777914
757,721994_2009,0.7366691460473032
758,730708_2009,0.40793366188617947
759,776901_2009,0.7268749563630124
760,1025536_2009,0.6733918221628351
761,1051379_2009,0.3972175945221252
762,203596_2009,0.7238516723211907
763,705200_2009,0.5238571581449847
764,708955_2009,0.86509822889548
765,821127_2009,0.7083230998212461
766,1072847_2009,0.6686981656810405
767,1130144_2009,0.733642975096148
768,1285224_2009,0.7300405329292055
769,708781_2009,0.7738292254700246
770,713095_2009,0.6149277713860849
771,716457_2009,0.347460924740314
772,740971_2009,0.7125025330606477
773,742054_2009,0.44526822965892754
774,747345_2009,0.6849996591263097
775,826154_2009,0.7531870798208635
776,846617_2009,0.7470488367045272
777,862831_2009,0.7350228377106733
778,1019650_2009,0.578363294073701
779,1028734_2009,0.5580659113506623
780,1084717_2009,0.6868601995405106
781,1099958_2009,0.7310983111262821
782,1132651_2009,0.7473536344689804
783,1138817_2009,0.5970231866717121
784,1172353_2009,0.5105008869045742
785,1355786_2009,0.6918014689678802
786,1415277_2009,0.7247802086860445
787,350852_2009,0.7398796545991347
788,356171_2009,0.7245280330664053
789,702513_2009,0.7366779964516855
790,702902_2009,0.5205140988651509
791,711669_2009,0.6407112084729065
792,715579_2009,0.7372103510595294
793,716605_2009,0.7437606565444357
794,720002_2009,0.6085605397177057
795,723188_2009,0.7379329362870116
796,726601_2009,0.6989857251251725
797,750686_2009,0.748880708142676
798,754597_2009,0.45530267145306014
799,764402_2009,0.4542592686375414
800,765207_2009,0.7471763688390887
801,770460_2009,0.7206809749277274
802,796317_2009,0.7397019956952771
803,859070_2009,0.6305087551681321
804,865911_2009,0.4745796648481849
805,891098_2009,0.6931288938935224
806,934547_2009,0.7289122016436737
807,1005817_2009,0.748476627843493
808,1013796_2009,0.5475564737825933
809,1036070_2009,0.6923266093476531
810,1053352_2009,0.6663322843170829
811,1058690_2009,0.7304087665674216
812,1060523_2009,0.7272906508602782
813,1066254_2009,0.7119136300938945
814,1068300_2009,0.6852060883699739
815,1071992_2009,0.6874673323217172
816,1083643_2009,0.7307101819147459
817,1109242_2009,0.5363663198731301
818,1109525_2009,0.7197168777215923
819,1137547_2009,0.676061956189167
820,1159427_2009,0.5456093717673309
821,1212545_2009,0.5900746490977148
822,1319327_2009,0.7093123077006135
823,1323033_2009,0.6870204647721299
824,1403475_2009,0.7540699102682366
825,1412665_2009,0.7170585915085198
826,314489_2009,0.33609002142007544
827,351569_2009,0.6295611432757832
828,353191_2009,0.5773893798096965
829,712534_2009,0.6649860300952118
830,712771_2009,0.7182838391594224
831,714530_2009,0.6707397843944217
832,714756_2009,0.4468220185549354
833,722256_2009,0.7355901127844913
834,723458_2009,0.6644591230278555
835,726517_2009,0.7423862436455856
836,740942_2009,0.715533394151876
837,741516_2009,0.7411829984549684
838,744126_2009,0.6109730579795498
839,745981_2009,0.7251419015343527
840,764038_2009,0.7264483954972514
841,764811_2009,0.4940169217347786
842,796534_2009,0.7679723450791287
843,802681_2009,0.7408616940598877
844,811589_2009,0.7785027819108401
845,811808_2009,0.7025955036787364
846,834285_2009,0.655210675797676
847,835012_2009,0.6166984613151735
848,854395_2009,0.6804300788405977
849,854560_2009,0.782278747079435
850,883948_2009,0.7186181307311659
851,893847_2009,0.7219982808794247
852,894671_2009,0.7401629993557571
853,920112_2009,0.7116748736432281
854,93451_2009,0.7234885355831782
855,946673_2009,0.671613376818935
856,1210227_2009,0.7219633804251789
857,822662_2009,0.6955033855211221
858,908837_2009,0.7316078284367381
859,914138_2009,0.720253966408304
860,1102287_2009,0.28979685542052225
861,1168455_2009,0.6292208090321526
862,16614_2009,0.6466511679890931
863,832847_2009,0.5580185096567225
864,1127371_2009,0.719269153583024
865,1071264_2009,0.7053146503866441
866,1295401_2009,0.7132937254535215
867,767405_2009,0.7070303130221932
868,783739_2009,0.433500589473736
869,707604_2009,0.7225332809507491
870,744485_2009,0.4559782674022218
871,1099980_2009,0.4446145422019356
872,1141688_2009,0.7289282401738726
873,1141807_2009,0.7209938965838165
874,1228454_2009,0.7303808693480238
875,887919_2009,0.7405645660078441
876,921590_2009,0.6699032502105157
877,932781_2009,0.5233802047019704
878,1051343_2009,0.6679189329060823
879,1127160_2009,0.7023268697611442
880,1143155_2009,0.49188305808948385
881,1143848_2009,0.7313954939930598
882,1170833_2009,0.48231683418390203
883,1174820_2009,0.6202399194801137
884,1178409_2009,0.6470536734522623
885,1313730_2009,0.4330881695042812
886,806279_2009,0.7212935691706238
887,855574_2009,0.701960199647965
888,922487_2009,0.5926355760771672
889,1023860_2009,0.7283759156012839
890,1098146_2009,0.58465706094715
891,1144686_2009,0.5886672329434742
892,1234383_2009,0.3062183926986113
893,1263762_2009,0.6463048954825928
894,1290476_2009,0.6215093678184949
895,1323648_2009,0.6005293328368626
896,1343034_2009,0.6697529073158585
897,1364856_2009,0.7351968784070375
898,1366367_2009,0.5772433899009933
899,1370291_2009,0.6906710577677126
900,315849_2009,0.7316643280714392
901,726990_2009,0.5176652553192229
902,750574_2009,0.718084002910175
903,759718_2009,0.6938535046559439
904,804561_2009,0.6202976141630274
905,894267_2009,0.4306998132292342
906,933590_2009,0.5878885983451788
907,946090_2009,0.634542984742236
908,1181001_2009,0.6713786596921326
909,1365997_2009,0.6822529193337714
910,1095274_2009,0.43943696863069787
911,1076394_2009,0.720544953469969
912,1375320_2009,0.7067530192901793
913,1222915_2009,0.7218273172038135
914,811831_2009,0.7115360657698154
915,1046050_2009,0.7030607911977003
916,1107160_2009,0.7292794977759204
917,769207_2009,0.6942816242613284
918,1324410_2010,0.6316560319049247
919,814184_2010,0.7390917919838436
920,750577_2010,0.7324681156721228
921,1028734_2010,0.6634439250032985
922,1077428_2010,0.7296578630041711
923,1077771_2010,0.7151217998837344
924,34782_2010,0.7449246417692894
925,36029_2010,0.7732883693579319
926,46195_2010,0.7655217827815374
927,1074902_2010,0.7582044508058925
928,891098_2010,0.7051510726484338
929,101382_2010,0.7364753372436279
930,354869_2010,0.7362295549361596
931,764402_2010,0.5586560528693854
932,93451_2010,0.7175102631780244
933,1115055_2010,0.6830264452858487
934,1178409_2010,0.5860412591461266
935,1264755_2010,0.7324950384073573
936,311094_2010,0.7879929003434243
937,37808_2010,0.7408075405828171
938,707179_2010,0.727447713345286
939,707605_2010,0.7104382501948326
940,714310_2010,0.7449066203378333
941,719220_2010,0.7505355997706186
942,729986_2010,0.7483019341557321
943,857855_2010,0.4042165921041994
944,1015328_2010,0.72426804373692
945,1068851_2010,0.7631876365384455
946,106926_2010,0.6522900684537276
947,1178970_2010,0.7362462234007641
948,318300_2010,0.7177710033823606
949,351077_2010,0.5766884994767998
950,700564_2010,0.7388643308487192
951,700863_2010,0.7144899208602704
952,702325_2010,0.6993900577461478
953,712537_2010,0.7217580979405569
954,737468_2010,0.7405226884210047
955,790359_2010,0.7513369302790905
956,801337_2010,0.7224842909346308
957,868671_2010,0.731805390744592
958,889936_2010,0.7050906034698953
959,1046025_2010,0.7470380429873067
960,1057706_2010,0.558282364295043
961,1090009_2010,0.7098183303542467
962,90498_2010,0.75324992534864
963,927807_2010,0.5925744141447977
964,913341_2010,0.7435835327367927
965,1102266_2010,0.6928741258849865
966,1139812_2010,0.7132144185390251
967,354647_2010,0.7470971558927081
968,726601_2010,0.703875957423621
969,859070_2010,0.7469108188593468
970,887343_2010,0.7360251294755561
971,102212_2010,0.7366830024290366
972,1108236_2010,0.7081380311834322
973,1331520_2010,0.7248999214552713
974,1366367_2010,0.6604144081781703
975,1370291_2010,0.7085931930723763
976,700733_2010,0.7150561496687255
977,702513_2010,0.7333742889305432
978,705432_2010,0.7618353178928086
979,715072_2010,0.7366271997245272
980,717538_2010,0.7544677129752431
981,764241_2010,0.489458141256813
982,842518_2010,0.7359165058140618
983,906465_2010,0.7201635912678788
984,1007273_2010,0.7528071919611077
985,1412665_2010,0.7324309443217466
986,721994_2010,0.7443726025813484
987,1323033_2010,0.7148722331844197
988,203596_2010,0.7334565406143704
989,736772_2010,0.7393885432933491
990,1071992_2010,0.5359126365898886
991,1132651_2010,0.7631369242085762
992,714395_2010,0.7469460229698185
993,720002_2010,0.7278139862691614
994,776901_2010,0.7418416148876609
995,822662_2010,0.7272221424484157
996,1036070_2010,0.7190084764591359
997,1047170_2010,0.6627453760367549
998,356171_2010,0.7164911050064414
999,708781_2010,0.7789328426538747
1000,717059_2010,0.7102619681848931
1001,723188_2010,0.7551563687523422
1002,770460_2010,0.7127747121429249
1003,846617_2010,0.7433334274609628
1004,921557_2010,0.7823207673585983
1005,928911_2010,0.5004875270312227
1006,1058690_2010,0.7698236996749785
1007,1130144_2010,0.7294582303525079
1008,1174820_2010,0.7480270191221591
1009,350852_2010,0.7473847226889752
1010,357264_2010,0.605079873703198
1011,715579_2010,0.7423717146957645
1012,716605_2010,0.7732991930927449
1013,723458_2010,0.7358651518037725
1014,740971_2010,0.7121499459837772
1015,741516_2010,0.7477589367887056
1016,750686_2010,0.7512832466425985
1017,763907_2010,0.6784119264889344
1018,764038_2010,0.7673481966733346
1019,765207_2010,0.7423780027288427
1020,796317_2010,0.7393253827983698
1021,796534_2010,0.7708187480642731
1022,821127_2010,0.6968049061344878
1023,824410_2010,0.7336346610930928
1024,862831_2010,0.7463830486774459
1025,934547_2010,0.735057746430633
1026,1005817_2010,0.7497029291553972
1027,1060523_2010,0.7432817128045256
1028,1083643_2010,0.7312363716051445
1029,1102112_2010,0.6557654052579676
1030,1109242_2010,0.5728608996986811
1031,1118237_2010,0.6634574329199361
1032,1128361_2010,0.6939337051376149
1033,1159427_2010,0.643725840487479
1034,1163370_2010,0.7419622512416548
1035,1285224_2010,0.6536576047136634
1036,1403475_2010,0.7533600029057029
1037,711669_2010,0.7061776677003173
1038,713095_2010,0.7201405186151641
1039,802681_2010,0.7276071985545371
1040,826154_2010,0.7522773553507356
1041,865911_2010,0.6699524851527875
1042,893847_2010,0.6916859195082258
1043,1084717_2010,0.7228660551114384
1044,1102287_2010,0.6892740485822901
1045,1109525_2010,0.7312397240046811
1046,1138817_2010,0.5394807886603001
1047,1212545_2010,0.6995076592780334
1048,1295401_2010,0.7140437776482419
1049,1304740_2010,0.7155075629259118
1050,1319327_2010,0.6326826814235124
1051,1355786_2010,0.7080872633427687
1052,314489_2010,0.7325942361097603
1053,351569_2010,0.6987224686635148
1054,701347_2010,0.42733270507237237
1055,708955_2010,0.7458019598555767
1056,712534_2010,0.7117686198898056
1057,712771_2010,0.7297975701002469
1058,722256_2010,0.7128950922597884
1059,726517_2010,0.7497743927774922
1060,740942_2010,0.7063948971867655
1061,745981_2010,0.7296476813848157
1062,811589_2010,0.7178049645904865
1063,834285_2010,0.6514785711171777
1064,854395_2010,0.6735630690479062
1065,861842_2010,0.7092188564095105
1066,879635_2010,0.7233151287365578
1067,883948_2010,0.7305483870910204
1068,891106_2010,0.36336317506917304
1069,894671_2010,0.7305965949095826
1070,908837_2010,0.7600512810109844
1071,920112_2010,0.7305614860723395
1072,946673_2010,0.6434477383686472
1073,1053352_2010,0.5095956955259557
1074,783739_2010,0.7123723767794466
1075,914138_2010,0.6939744037726319
1076,1066254_2010,0.7086284205008619
1077,1068300_2010,0.701973711784467
1078,767405_2010,0.6016933237172047
1079,1071264_2010,0.6281965391690886
1080,1168455_2010,0.7132802549501152
1081,832847_2010,0.668182813646657
1082,1060219_2010,0.7322296563521186
1083,707604_2010,0.7267290743436273
1084,730708_2010,0.6329251539651262
1085,806279_2010,0.7327720181292511
1086,854560_2010,0.7349940064656066
1087,946090_2010,0.5498010153368015
1088,1127160_2010,0.689170637540994
1089,1019650_2010,0.4455333024024519
1090,1023860_2010,0.7123563795778172
1091,1051343_2010,0.7181869815241239
1092,1141688_2010,0.7203897216230679
1093,1141807_2010,0.7268938287279609
1094,744485_2010,0.6525099668956853
1095,921590_2010,0.7243580843334516
1096,1025536_2010,0.6523404240527871
1097,1263762_2010,0.6701757203329292
1098,932781_2010,0.7180257722609715
1099,1072847_2010,0.7254188995278245
1100,1210227_2010,0.7201947047200528
1101,1228454_2010,0.7608663282541289
1102,1290476_2010,0.7150736190375017
1103,1365997_2010,0.6829707274136659
1104,750574_2010,0.7350092427865212
1105,811808_2010,0.6987497781471517
1106,887919_2010,0.738283233761136
1107,922487_2010,0.5976768088730681
1108,1127371_2010,0.7229060829185181
1109,1137547_2010,0.6760872362225264
1110,1343034_2010,0.7292558243363176
1111,1364856_2010,0.735909235466144
1112,16614_2010,0.6268436810768613
1113,315849_2010,0.731802037910018
1114,353191_2010,0.6738459765917679
1115,775662_2010,0.7167238179151456
1116,810689_2010,0.5870199805753114
1117,835012_2010,0.49904642156733914
1118,855574_2010,0.7101604373759868
1119,921547_2010,0.626816765302228
1120,933590_2010,0.7424922092275097
1121,764811_2010,0.40309653566834125
1122,804561_2010,0.5423984595006317
1123,1143155_2010,0.3875423632519098
1124,1323648_2010,0.6226967767713845
1125,1181001_2010,0.7102565476167351
1126,759718_2010,0.633845702170067
1127,1076394_2010,0.7199508770363994
1128,1375320_2010,0.7019317678108938
1129,1222915_2010,0.5390349012503645
1130,1046050_2010,0.6911413860235296
1131,1107160_2010,0.7299790660354972
1132,769207_2010,0.7087949761147623
1133,1139812_2011,0.7216953385502197
1134,701347_2011,0.7430569014832575
1135,1415277_2011,0.715801019695878
1136,814184_2011,0.7296360206377125
1137,1077771_2011,0.7325881381881014
1138,34782_2011,0.7524951047070834
1139,1128361_2011,0.7273925144729277
1140,1324410_2011,0.7209156337594951
1141,1028734_2011,0.7646280459422125
1142,1077428_2011,0.7451780046064649
1143,1115055_2011,0.7436800784501514
1144,1295401_2011,0.717447523364378
1145,46195_2011,0.7548448426967869
1146,101382_2011,0.7387669020090875
1147,36029_2011,0.7767438336458432
1148,1049782_2011,0.7409570325439818
1149,354869_2011,0.7405764856023032
1150,37808_2011,0.7432561025776484
1151,707179_2011,0.7411744051577914
1152,729986_2011,0.7434812662793506
1153,93451_2011,0.7352631890090819
1154,311094_2011,0.7803909406853545
1155,318300_2011,0.7350038091672361
1156,700863_2011,0.7205118197033067
1157,708955_2011,0.7480805217830208
1158,750577_2011,0.7214484551626545
1159,801337_2011,0.7397510727189099
1160,861842_2011,0.7454907966213572
1161,868671_2011,0.7151352551608257
1162,1015328_2011,0.7257946371291352
1163,1068851_2011,0.7673405878661852
1164,1074902_2011,0.7491602719877527
1165,1178970_2011,0.7397103745189305
1166,203596_2011,0.7389875926544653
1167,354647_2011,0.759408312879788
1168,700564_2011,0.7432464395230799
1169,700733_2011,0.7494394181967594
1170,702325_2011,0.7245098798185647
1171,714310_2011,0.7453797828634375
1172,790359_2011,0.7495545465400433
1173,811808_2011,0.7167832214256457
1174,887343_2011,0.748226333326319
1175,889936_2011,0.7201066631211683
1176,351077_2011,0.7076262200068619
1177,744485_2011,0.6417283785227814
1178,750686_2011,0.7540156480317727
1179,1007273_2011,0.7460945504657353
1180,1487052_2011,0.7405724662901674
1181,712537_2011,0.7159370207068705
1182,913341_2011,0.7653833146724691
1183,921557_2011,0.8243227662431359
1184,102212_2011,0.7417835634739373
1185,1046025_2011,0.7252741581769555
1186,1108236_2011,0.7232937810078195
1187,1178409_2011,0.6303439281325238
1188,1412665_2011,0.7387355910498553
1189,702513_2011,0.7381130927415751
1190,736772_2011,0.7455721647438738
1191,842518_2011,0.7404491923033691
1192,854560_2011,0.7393055424748216
1193,90498_2011,0.7378088191973972
1194,1053352_2011,0.7424331406959408
1195,1090009_2011,0.7163926986373835
1196,1212545_2011,0.7245787045027428
1197,1304740_2011,0.7339637931192221
1198,705432_2011,0.7560904466257992
1199,707605_2011,0.7336073533496064
1200,721994_2011,0.7507223004953907
1201,726601_2011,0.7126267945827364
1202,862831_2011,0.7470137657155528
1203,906465_2011,0.7260010459260333
1204,737468_2011,0.7467630244147914
1205,776901_2011,0.7443306279811303
1206,891106_2011,0.7230794997710027
1207,715072_2011,0.7310982197683917
1208,763907_2011,0.7159026623094404
1209,883948_2011,0.7384604023776491
1210,1030469_2011,0.7269510761922499
1211,1132651_2011,0.7630429212898309
1212,1331520_2011,0.770636710942282
1213,1366367_2011,0.6332924344360202
1214,708781_2011,0.7804330305705296
1215,716605_2011,0.7749573301009809
1216,717059_2011,0.7650342187721209
1217,717538_2011,0.753176647619866
1218,720002_2011,0.7421751025099697
1219,921547_2011,0.7386057210233773
1220,927807_2011,0.7294016698125465
1221,1036070_2011,0.7282443337019565
1222,1083643_2011,0.7337207376272605
1223,1084717_2011,0.7228533998684437
1224,1130144_2011,0.7299062485764755
1225,1166928_2011,0.7568812187723776
1226,1403475_2011,0.7531587936778755
1227,314489_2011,0.7427605143002005
1228,356171_2011,0.7362068194375639
1229,713095_2011,0.7108849232826249
1230,714395_2011,0.7515738386901474
1231,715579_2011,0.74137054706797
1232,740971_2011,0.7214095301758221
1233,741516_2011,0.7431432085873388
1234,765207_2011,0.7437405404070663
1235,796534_2011,0.776468015474269
1236,821127_2011,0.7327110171607835
1237,826154_2011,0.6082688992296063
1238,846617_2011,0.7382561082983925
1239,859070_2011,0.7448096004335201
1240,934547_2011,0.7456756227692278
1241,946673_2011,0.7101374743527404
1242,1060523_2011,0.7513591563486883
1243,1319327_2011,0.7252475591096752
1244,353191_2011,0.7192088016906151
1245,764811_2011,0.4565990877705835
1246,796317_2011,0.7456138844120742
1247,1050441_2011,0.7422958767708742
1248,1066254_2011,0.6997257401330117
1249,1068300_2011,0.7232780383031702
1250,1072847_2011,0.7456633259971932
1251,1102112_2011,0.7444620541370065
1252,1163370_2011,0.750251320118252
1253,1210227_2011,0.716843594199858
1254,1325670_2011,0.735877590398056
1255,350852_2011,0.7515964432424336
1256,711669_2011,0.7137832645335187
1257,723188_2011,0.7536027538713634
1258,726517_2011,0.7440200320359058
1259,730708_2011,0.7181310813711982
1260,865911_2011,0.5467734975093207
1261,908837_2011,0.7290373132291798
1262,1058690_2011,0.7461011421550394
1263,1102266_2011,0.7196225728867713
1264,1109242_2011,0.7491724356382901
1265,1285224_2011,0.655634959241743
1266,1355786_2011,0.712325856906667
1267,351569_2011,0.7352068333718175
1268,712534_2011,0.7308860575995924
1269,712771_2011,0.7468461914176718
1270,719220_2011,0.7544680914579315
1271,722256_2011,0.7012381515613739
1272,745981_2011,0.7184929177819054
1273,764038_2011,0.7297877491270394
1274,770460_2011,0.7110692861154804
1275,802681_2011,0.7528786251305727
1276,811589_2011,0.7225974398569582
1277,824410_2011,0.7445347032364876
1278,834285_2011,0.6019568303254669
1279,857855_2011,0.5633080053443321
1280,894671_2011,0.7361269260924194
1281,914138_2011,0.722650370008374
1282,920112_2011,0.7329003951067791
1283,1005817_2011,0.7498772791634756
1284,1102287_2011,0.6528431143186122
1285,1127371_2011,0.7377491959929228
1286,1141688_2011,0.7371686418322306
1287,822662_2011,0.7267491643787424
1288,921590_2011,0.7365518886301377
1289,1118237_2011,0.6913416729717023
1290,1290476_2011,0.6161632345892736
1291,879635_2011,0.7321880058548922
1292,1025536_2011,0.789153706748733
1293,707604_2011,0.7092432128581027
1294,775662_2011,0.6420242432257134
1295,1141807_2011,0.7261612158844242
1296,1143155_2011,0.5065751731026465
1297,1168455_2011,0.7135514408416135
1298,1159427_2011,0.7134612592929083
1299,714530_2011,0.7162938507051891
1300,759718_2011,0.9559772907428706
1301,1019650_2011,0.6570478264167717
1302,1051343_2011,0.6325412420078214
1303,783739_2011,0.6021199085100323
1304,1364856_2011,0.7386850836226829
1305,357264_2011,0.7570049521588528
1306,806279_2011,0.7336988852549378
1307,1127160_2011,0.7200482849942276
1308,750574_2011,0.7355993486321633
1309,887919_2011,0.7323023602663339
1310,932781_2011,0.7289103440332375
1311,1023860_2011,0.7087592409539254
1312,1253317_2011,0.733419150440095
1313,1365997_2011,0.45165828774875505
1314,1370291_2011,0.7606801539248199
1315,16614_2011,0.7057749518964817
1316,893847_2011,0.7151737516356488
1317,1047170_2011,0.7118334061201946
1318,1060219_2011,0.7339214600480438
1319,1071264_2011,0.5181325683296223
1320,1181001_2011,0.6533856496757362
1321,1228454_2011,0.7261931606933999
1322,1323648_2011,0.7103112683828008
1323,1343034_2011,0.7323446085051855
1324,1373525_2011,0.6798574697710987
1325,1497275_2011,0.7726705942525802
1326,1507277_2011,0.6718949331360954
1327,315849_2011,0.7253558830302819
1328,767405_2011,0.7160761213605696
1329,804561_2011,0.7131220370053138
1330,855574_2011,0.7161205926414186
1331,922487_2011,0.6606548229920646
1332,933590_2011,0.7449902615316681
1333,946090_2011,0.5929658783543675
1334,1263762_2011,0.7033585909912602
1335,1137547_2011,0.6323456969691927
1336,854395_2011,0.622561793313275
1337,1057706_2011,0.6773095217025954
1338,1138817_2011,0.6145765002978724
1339,1076394_2011,0.711632170790113
1340,1375320_2011,0.7145317679944797
1341,1222915_2011,0.7047937478688324
1342,811831_2011,0.8092223597670848
1343,1046050_2011,0.7109786947613814
1344,1413440_2011,0.6874549933510379
1345,1107160_2011,0.7326453203967543
1346,1391137_2011,0.7053688016015194
1347,1415277_2012,0.7176891232206206
1348,1139812_2012,0.7456199979950857
1349,1324410_2012,0.7392800292613232
1350,1077771_2012,0.7421404569877416
1351,34782_2012,0.7520093896073516
1352,814184_2012,0.6537475356807267
1353,36029_2012,0.7762861480169314
1354,1077428_2012,0.7543644611576985
1355,19612_2012,0.7420623703536371
1356,354869_2012,0.7436821570596746
1357,708955_2012,0.749626784529018
1358,717059_2012,0.7456594728694103
1359,351077_2012,0.873497216540426
1360,351569_2012,0.7253630885576012
1361,707179_2012,0.7463504212945183
1362,101382_2012,0.7403257764943221
1363,1074902_2012,0.750181170309627
1364,1487052_2012,0.7464146311001234
1365,1504008_2012,0.7788229695644712
1366,311094_2012,0.775829193251142
1367,37808_2012,0.7445084530693408
1368,46195_2012,0.7571889121469159
1369,702325_2012,0.6932532071850822
1370,714310_2012,0.7435823089761001
1371,750577_2012,0.738476017181252
1372,861842_2012,0.752335184895297
1373,868671_2012,0.7469652520655768
1374,889936_2012,0.72866764092171
1375,891106_2012,0.8862270467270332
1376,910322_2012,0.7185619621600577
1377,921547_2012,0.7562369890322198
1378,1049782_2012,0.7359512948986888
1379,1068851_2012,0.7546471572732998
1380,1178970_2012,0.7447381463822517
1381,1378946_2012,0.7397522273086283
1382,1471265_2012,0.7393747073583816
1383,203596_2012,0.7400185068463798
1384,318300_2012,0.7507968963880104
1385,354647_2012,0.7573944108452116
1386,700564_2012,0.7466339927057163
1387,700733_2012,0.7550089910737815
1388,700863_2012,0.7386094484253016
1389,701347_2012,0.7517652595725852
1390,719220_2012,0.7374290118195923
1391,723188_2012,0.7492835659862793
1392,729986_2012,0.7472418185017764
1393,744485_2012,0.5721357442692184
1394,790359_2012,0.7438424871118922
1395,801337_2012,0.7420683103566571
1396,887343_2012,0.7454755098360841
1397,811808_2012,0.7224788738467736
1398,102212_2012,0.7439569811703948
1399,1046025_2012,0.7474364129833082
1400,1108236_2012,0.7279547348451866
1401,1115055_2012,0.7407102531303965
1402,1212545_2012,0.7461288553535438
1403,750686_2012,0.7443000792077259
1404,859070_2012,0.7501188033231806
1405,1007273_2012,0.7535848129218583
1406,1123270_2012,0.7167114045530414
1407,1331520_2012,0.7691913073071786
1408,712537_2012,0.7350038539761061
1409,721994_2012,0.7548124759013655
1410,913341_2012,0.7775054452239123
1411,1058438_2012,0.7223929595816204
1412,842518_2012,0.7482542844903758
1413,1166928_2012,0.7526588746013897
1414,1304740_2012,0.7492569721394499
1415,713095_2012,0.7338063056025056
1416,737468_2012,0.7542326795761253
1417,90498_2012,0.7387032634078156
1418,921557_2012,0.857510064278846
1419,946647_2012,0.7442277581265746
1420,1028734_2012,0.7448412111336399
1421,715072_2012,0.7322930843952052
1422,726517_2012,0.7432487326061264
1423,906465_2012,0.7307790083390742
1424,1005817_2012,0.7326976267042906
1425,1025536_2012,0.750971659681783
1426,1030469_2012,0.7161808096721799
1427,1036070_2012,0.7364536349592677
1428,1053352_2012,0.7300189115618338
1429,1084717_2012,0.7446382339131163
1430,1090009_2012,0.7256153129014485
1431,1401564_2012,0.7170817463833358
1432,1412665_2012,0.7452084241737101
1433,1521951_2012,0.7362316861852292
1434,314489_2012,0.7314433981553963
1435,702513_2012,0.7375013494321713
1436,707605_2012,0.7264610263781421
1437,708781_2012,0.7833073673182277
1438,736772_2012,0.7466055830120577
1439,764038_2012,0.7299971562028899
1440,776901_2012,0.7367730939249643
1441,796534_2012,0.7744714018328385
1442,854560_2012,0.7581337920033072
1443,862831_2012,0.7414680977181222
1444,927807_2012,0.7364801122160277
1445,93451_2012,0.7362159012819351
1446,934547_2012,0.7473665633506085
1447,1130144_2012,0.7293249043875509
1448,1403475_2012,0.7585850216746377
1449,1485176_2012,0.7247952866532825
1450,714395_2012,0.7567210248869203
1451,715579_2012,0.7413779696790384
1452,720002_2012,0.7473817731342312
1453,765207_2012,0.7435700935560916
1454,1057706_2012,0.7144516788824273
1455,1102266_2012,0.722794828149783
1456,1128361_2012,0.7687471600475344
1457,1132651_2012,0.7552283761714033
1458,1143155_2012,0.6514207807259978
1459,1163370_2012,0.7531084032758102
1460,1295401_2012,0.7241091075450858
1461,1303942_2012,0.6249399479572382
1462,712771_2012,0.7512930915428726
1463,821127_2012,0.7404078498127443
1464,846617_2012,0.7387598400441671
1465,946673_2012,0.7707332283781986
1466,1005409_2012,0.7494618356828893
1467,1058690_2012,0.7479804701018622
1468,1102112_2012,0.7497883357317027
1469,1109242_2012,0.8409560232568127
1470,1118237_2012,0.733864439673368
1471,1355786_2012,0.7224345148056184
1472,1507277_2012,0.7138563617217
1473,356171_2012,0.736229455747593
1474,709337_2012,0.7424730249406213
1475,716605_2012,0.7749058869079892
1476,717538_2012,0.7522609935876201
1477,730708_2012,0.7031403635286197
1478,763907_2012,0.719920107263908
1479,796317_2012,0.7329830257083322
1480,857855_2012,0.7262137449311977
1481,883948_2012,0.742172570156258
1482,1004702_2012,0.7429418684132021
1483,1050441_2012,0.7495892146842251
1484,1060523_2012,0.7694005560293524
1485,1102287_2012,0.6610294555979401
1486,1108134_2012,0.7318191583786606
1487,1141688_2012,0.7496683828217356
1488,1210227_2012,0.7193074908340954
1489,1285224_2012,0.8505377083977342
1490,1370291_2012,0.7259323408771878
1491,1444397_2012,0.7253708252657971
1492,1493491_2012,0.7313450840143038
1493,1497275_2012,0.7417138517481482
1494,350852_2012,0.7582423164762349
1495,357173_2012,0.7044080783597332
1496,711669_2012,0.7146448895094399
1497,712534_2012,0.750160680039945
1498,714562_2012,0.7538615011685783
1499,722256_2012,0.7484690103355921
1500,726601_2012,0.7047395622033318
1501,740663_2012,0.7466413626772382
1502,741516_2012,0.7588050288759887
1503,745981_2012,0.7272137149005541
1504,760498_2012,0.7420529061112394
1505,802681_2012,0.7497490996930056
1506,811589_2012,0.6731813026959108
1507,824410_2012,0.7447673421888044
1508,826154_2012,0.5688479565130178
1509,828944_2012,0.7356949015897808
1510,868271_2012,0.7235939965215178
1511,894671_2012,0.744444093175773
1512,914138_2012,0.7273756841743463
1513,920112_2012,0.7479659776951972
1514,923139_2012,0.7381129243820344
1515,1094810_2012,0.7267219962823167
1516,707886_2012,0.6553959887525908
1517,834285_2012,0.7204638111319528
1518,1060219_2012,0.7340819884773947
1519,1068300_2012,0.736400143609383
1520,1072847_2012,0.7410956094124432
1521,1083643_2012,0.719412390573966
1522,921590_2012,0.7414826875732035
1523,1033012_2012,0.7256846783373296
1524,908837_2012,0.7304666600625063
1525,1127371_2012,0.7413100041940667
1526,1488813_2012,0.7369290949182943
1527,770460_2012,0.7188352205705532
1528,1127160_2012,0.7517327796673948
1529,714530_2012,0.6402643857321892
1530,1141807_2012,0.7307420292753053
1531,1168455_2012,0.7223158878901735
1532,846931_2012,0.7311296055540863
1533,705432_2012,0.7511838318564467
1534,750574_2012,0.743282312286301
1535,879635_2012,0.735103883905386
1536,822662_2012,0.7490379829260194
1537,865911_2012,0.7244541845683359
1538,932781_2012,0.7331920943249509
1539,1027183_2012,0.6370845743015744
1540,1263762_2012,0.7390177407582651
1541,1364856_2012,0.7504599815397026
1542,1404296_2012,0.667021397318671
1543,353191_2012,0.7348865317383423
1544,806279_2012,0.7431249317888275
1545,1178409_2012,0.6785169663109034
1546,855574_2012,0.7225184661812427
1547,1023860_2012,0.7078474071606218
1548,1047170_2012,0.7185237676013102
1549,1051343_2012,0.7305031449235924
1550,1071264_2012,0.37313447568660485
1551,1137547_2012,0.7452506093321136
1552,1138817_2012,0.5508844938135329
1553,1169770_2012,0.7200629514159217
1554,1228454_2012,0.6969030018867187
1555,1253317_2012,0.742570238871692
1556,1290476_2012,0.6158713026260003
1557,1323648_2012,0.7256173288655612
1558,1343034_2012,0.7331034963130109
1559,1365997_2012,0.6590176678459679
1560,1373525_2012,0.6564379689952462
1561,1493552_2012,0.578545026669391
1562,16614_2012,0.72825814527482
1563,315849_2012,0.7288579611590884
1564,740971_2012,0.7246328579798135
1565,759718_2012,0.7696399006508174
1566,764811_2012,0.6236727270112301
1567,767405_2012,0.7373747121698971
1568,854395_2012,0.6683045280237565
1569,887919_2012,0.7446302888219231
1570,893847_2012,0.7149510793941264
1571,922487_2012,0.6167064442546356
1572,933590_2012,0.7453575715851172
1573,946090_2012,0.7554602990518752
1574,1325670_2012,0.744043284359138
1575,1041368_2012,0.7193031352379159
1576,1016178_2012,0.7090732532492097
1577,1010470_2012,0.7418575050700474
1578,1412109_2012,0.7385790493048223
1579,881790_2012,0.7234022567565391
1580,1375320_2012,0.7258625643308003
1581,1222915_2012,0.6712842591490457
1582,928592_2012,0.6972450571389877
1583,916907_2012,0.7639913118994351
1584,811831_2012,0.7186226311948573
1585,1367859_2012,0.7062515029732447
1586,1070154_2012,0.7260676888967835
1587,1107160_2012,0.7319493442424166
1588,1046050_2012,0.731656804531654
1589,907471_2012,0.7497139660586208
1590,1550603_2012,0.7165339901402997
1591,1391137_2012,0.7166999060749529
1592,1435508_2013,0.7354934435204618
1593,1415277_2013,0.7207615116934423
1594,1324410_2013,0.7364975546124742
1595,1028734_2013,0.7474499652737783
1596,1077771_2013,0.741335265955848
1597,1139812_2013,0.7489857523150208
1598,1487052_2013,0.7436663312628488
1599,1077428_2013,0.7495147667043801
1600,1115055_2013,0.7496977565586558
1601,19612_2013,0.744520413122294
1602,34782_2013,0.7551851029840301
1603,36029_2013,0.7702624046145862
1604,814184_2013,0.7404599090189392
1605,889936_2013,0.7425339245453344
1606,101382_2013,0.7390221124508348
1607,1504008_2013,0.7649699941752384
1608,719220_2013,0.7530620500224211
1609,1074902_2013,0.7455294814674494
1610,46195_2013,0.7510484960179031
1611,707179_2013,0.7503816443239562
1612,700863_2013,0.7454613576288012
1613,891106_2013,0.7440382400984806
1614,910322_2013,0.7229042070365038
1615,1015328_2013,0.7375439578821331
1616,1068851_2013,0.756227479110877
1617,311094_2013,0.7648545395537748
1618,318300_2013,0.7416906155213061
1619,354869_2013,0.7379834759069644
1620,37808_2013,0.7423460679257312
1621,700564_2013,0.7461366220793322
1622,701347_2013,0.8624518518359648
1623,714310_2013,0.7400935386466475
1624,729986_2013,0.7472057390957081
1625,750577_2013,0.7419461383200309
1626,750686_2013,0.7426261307589038
1627,801337_2013,0.7420188970489804
1628,811808_2013,0.7298808710946997
1629,868671_2013,0.7573350151653879
1630,927807_2013,0.744779647226553
1631,946647_2013,0.7498227211014622
1632,1049782_2013,0.7334699797950713
1633,1102112_2013,0.7346019471246371
1634,1108236_2013,0.7269973411330117
1635,1128361_2013,0.7594884511510861
1636,1178970_2013,0.745543681963903
1637,1212545_2013,0.7580921806594624
1638,1378946_2013,0.7350012550616458
1639,1471265_2013,0.7413994270372449
1640,351569_2013,0.7283055025949273
1641,354647_2013,0.7669667035249349
1642,700733_2013,0.7315930319388098
1643,702325_2013,0.7463634267427592
1644,723188_2013,0.7528901492758779
1645,790359_2013,0.7396652759139015
1646,857855_2013,0.8645873860255394
1647,861842_2013,0.7533103346660085
1648,887343_2013,0.7410185155340802
1649,102212_2013,0.7466226199534863
1650,1102266_2013,0.7266105226896825
1651,1331520_2013,0.7470439947363411
1652,721994_2013,0.7577654674422383
1653,764038_2013,0.7315574915442943
1654,842518_2013,0.7455701635710386
1655,921547_2013,0.743743992430207
1656,1007273_2013,0.7565905049143083
1657,1033012_2013,0.828028451091834
1658,1090009_2013,0.7295647205897449
1659,1325670_2013,0.7425746188299757
1660,913341_2013,0.7523050324411216
1661,1046025_2013,0.7296690169325019
1662,1166928_2013,0.755505438550436
1663,1543643_2013,0.734798395301267
1664,705432_2013,0.7565662646207482
1665,726517_2013,0.7427105458845809
1666,726601_2013,0.7146297153988983
1667,826154_2013,0.7415120412983951
1668,914374_2013,0.7428411493844067
1669,1060219_2013,0.7348155070691582
1670,1178409_2013,0.695454035728931
1671,1412665_2013,0.7506793579365729
1672,203596_2013,0.7498188014129306
1673,1025536_2013,0.7520044475805239
1674,1053352_2013,0.7382178345628068
1675,1072847_2013,0.7556592156316935
1676,1123270_2013,0.7245695678436375
1677,1521951_2013,0.7516979288074324
1678,707605_2013,0.725953923961253
1679,708781_2013,0.7816495957415529
1680,713095_2013,0.7368868971438012
1681,715072_2013,0.7299134645446966
1682,736772_2013,0.7386062722159821
1683,737468_2013,0.7538825047825963
1684,764811_2013,0.7013110581595945
1685,765207_2013,0.7430885404608195
1686,796534_2013,0.7742452257987043
1687,934547_2013,0.7508521940138977
1688,1303942_2013,0.7144315757961851
1689,754673_2013,0.7371106369675273
1690,854560_2013,0.7457756566138459
1691,906465_2013,0.731695711681946
1692,1132651_2013,0.7537915210246067
1693,1304740_2013,0.7444576376355667
1694,711669_2013,0.722094485958364
1695,767405_2013,0.7404037861267762
1696,776901_2013,0.7404056498277383
1697,821127_2013,0.7522306845199184
1698,90498_2013,0.7276187435816459
1699,1485176_2013,0.7261217310042355
1700,709337_2013,0.7343203951578525
1701,712537_2013,0.7335984054968075
1702,712771_2013,0.7563705020633331
1703,716605_2013,0.7551147704596245
1704,730708_2013,0.8042428327005197
1705,846617_2013,0.7345912852238012
1706,883948_2013,0.7404927104168959
1707,1028954_2013,0.7161967142108063
1708,1060523_2013,0.742905784656758
1709,1084717_2013,0.745873559644432
1710,1130144_2013,0.7458022513307505
1711,1285224_2013,0.759126447685951
1712,1401564_2013,0.8201251017536568
1713,1403475_2013,0.738950763678659
1714,314489_2013,0.7398673700081521
1715,350852_2013,0.759427393627734
1716,720002_2013,0.7446367430393541
1717,741516_2013,0.7569548662830885
1718,921557_2013,0.7373615261810635
1719,946673_2013,0.7507152615874617
1720,1004702_2013,0.7361393016062547
1721,1005409_2013,0.7515922755824855
1722,1030469_2013,0.7570588924675127
1723,1058690_2013,0.7420098173797971
1724,1109242_2013,0.7613780324984638
1725,1118237_2013,0.7954233594895178
1726,1163370_2013,0.7486913232360793
1727,1355786_2013,0.7234585797659856
1728,1413440_2013,0.7034544673558093
1729,1493491_2013,0.7402072226651895
1730,1497275_2013,0.7258839586085589
1731,1502749_2013,0.7382821152795361
1732,1507277_2013,0.7385181618811613
1733,702513_2013,0.7406573029672524
1734,707886_2013,0.7296618657848791
1735,712534_2013,0.7401898207272372
1736,714562_2013,0.7500058893211426
1737,715579_2013,0.7433010793721571
1738,717538_2013,0.7483826597277535
1739,722256_2013,0.7062002650309799
1740,763907_2013,0.7255904017799509
1741,802681_2013,0.7561411415541655
1742,811589_2013,0.7328332257405659
1743,822662_2013,0.7514519020088481
1744,834285_2013,0.6888183780474159
1745,859070_2013,0.7435296424574536
1746,868271_2013,0.5676467394675653
1747,920112_2013,0.7315790198136253
1748,921590_2013,0.7405882799059411
1749,1005817_2013,0.748782850791035
1750,1050441_2013,0.758783102982316
1751,1108134_2013,0.7361130714508363
1752,1210227_2013,0.7277936252056384
1753,1228454_2013,0.7384722188682034
1754,1295401_2013,0.7277733467992543
1755,1444397_2013,0.7273739944884132
1756,1475841_2013,0.7106935315477044
1757,1488813_2013,0.7388075758469628
1758,353191_2013,0.7217443751153583
1759,356171_2013,0.7479988969883362
1760,714395_2013,0.7556540386845763
1761,740663_2013,0.7431725096729842
1762,745981_2013,0.7378759320087259
1763,760498_2013,0.7436902439731167
1764,770460_2013,0.7014907244573246
1765,824410_2013,0.7516258909357411
1766,828944_2013,0.7497261601617883
1767,862831_2013,0.7424850137060545
1768,894671_2013,0.7517805598440229
1769,914138_2013,0.7263670473864632
1770,923139_2013,0.7393457543027945
1771,908837_2013,0.733479087741697
1772,1127371_2013,0.7358893137905697
1773,357173_2013,0.882752066653603
1774,1094810_2013,0.7333259636518363
1775,1141807_2013,0.7384347212396475
1776,1168455_2013,0.7335032375474421
1777,1476264_2013,0.7290184713168613
1778,750574_2013,0.7457753529576201
1779,714530_2013,0.7505413292154532
1780,865911_2013,0.8618587781640007
1781,879635_2013,0.7346912546828586
1782,1071264_2013,0.6963284808270871
1783,1127160_2013,0.7309208449440692
1784,1290476_2013,0.6653153161246419
1785,1323648_2013,0.7281431631041606
1786,855574_2013,0.7253073445831641
1787,1083643_2013,0.7351592250350306
1788,854395_2013,0.7083156286599847
1789,922487_2013,0.7170909121899585
1790,1023860_2013,0.7205156036601155
1791,1169770_2013,0.7046559149885769
1792,1263762_2013,0.7289016250102021
1793,1364856_2013,0.7520186167542722
1794,1390312_2013,0.7377094296434245
1795,1562463_2013,0.7294648751163959
1796,806279_2013,0.744509413197264
1797,846931_2013,0.7302686318294117
1798,887919_2013,0.7568718741653124
1799,932781_2013,0.7329793892292605
1800,1027183_2013,0.7433244974447045
1801,1047170_2013,0.6934128272559809
1802,1051343_2013,0.777088975054654
1803,1141688_2013,0.7289966333007784
1804,1253317_2013,0.7337780494771102
1805,1343034_2013,0.7337197975110655
1806,1373525_2013,0.7353219390931475
1807,740971_2013,0.720482080969863
1808,1057706_2013,0.6480245294021296
1809,1137547_2013,0.7542882469253077
1810,1365997_2013,0.6906469658219647
1811,1404296_2013,0.6369246631905395
1812,1493552_2013,0.6255369195658552
1813,315849_2013,0.7368142014952997
1814,893847_2013,0.723540531708925
1815,933590_2013,0.749090709479851
1816,946090_2013,0.6227466538291139
1817,1138817_2013,0.6447107786035801
1818,1041368_2013,0.8070417121812038
1819,1016178_2013,0.6988770688358602
1820,1299709_2013,0.7612722748644996
1821,1412109_2013,0.7357629440764029
1822,1010470_2013,0.7972307491882535
1823,881790_2013,0.7255356849292234
1824,1375320_2013,0.7243755345605746
1825,916907_2013,0.759553310902825
1826,811831_2013,0.733233333711671
1827,1367859_2013,0.712775199820044
1828,1046050_2013,0.7323152160616497
1829,907471_2013,0.7390610200361644
1830,1550603_2013,0.5685798559079862
1831,1391137_2013,0.7173514274798695
1832,1435508_2013,0.7354934435204618
1833,1028734_2014,0.7457710178082064
1834,1077771_2014,0.7329413064751692
1835,1324410_2014,0.7322263239643104
1836,1077428_2014,0.7418683836195946
1837,1139812_2014,0.7302130944978218
1838,1212545_2014,0.7652793145902992
1839,34782_2014,0.7568643262634231
1840,36029_2014,0.7711825656360871
1841,719220_2014,0.755305634493969
1842,101382_2014,0.7345535161318
1843,1115055_2014,0.7555021453160093
1844,354869_2014,0.7461306094250376
1845,46195_2014,0.7525279108904535
1846,707179_2014,0.7432809467033598
1847,814184_2014,0.7436328085725963
1848,1487052_2014,0.7372382582847913
1849,19612_2014,0.741469738679847
1850,357173_2014,0.7259481705893518
1851,889936_2014,0.7472411093905326
1852,1475841_2014,0.7128437539108518
1853,1504008_2014,0.7508072807348748
1854,311094_2014,0.756953430659098
1855,318300_2014,0.7328276185412891
1856,910322_2014,0.7312408585826711
1857,1015328_2014,0.7374754412045567
1858,1038205_2014,0.7808163769789896
1859,1068851_2014,0.7647246677871464
1860,1108236_2014,0.7352724205063782
1861,1163370_2014,0.7568131571441024
1862,1331520_2014,0.7710002587908009
1863,1366367_2014,0.7241792873713033
1864,1471265_2014,0.7392308752360399
1865,1502749_2014,0.7343612899948149
1866,203596_2014,0.7529070983397169
1867,37808_2014,0.7434195074754311
1868,701347_2014,0.74082457317387
1869,707605_2014,0.7166346573996238
1870,750577_2014,0.7414073277546057
1871,764038_2014,0.7464944557093315
1872,776901_2014,0.7454648501104362
1873,801337_2014,0.7431266619332548
1874,821127_2014,0.7486001176089274
1875,857855_2014,0.7434369537872159
1876,868671_2014,0.7636144823538167
1877,946647_2014,0.7530612582540385
1878,1030469_2014,0.7543079889303644
1879,1049782_2014,0.7366383697492481
1880,1102112_2014,0.7498219989390912
1881,1128361_2014,0.7585514846281453
1882,1178970_2014,0.7421428270724385
1883,1378946_2014,0.7349800121769626
1884,354647_2014,0.765896959184379
1885,700564_2014,0.744672575344081
1886,700733_2014,0.74859914747514
1887,700863_2014,0.738235155148733
1888,702325_2014,0.7364831248512198
1889,712537_2014,0.7349666238956576
1890,714310_2014,0.7314525204582617
1891,721994_2014,0.7599060828706639
1892,723188_2014,0.757625220029497
1893,729986_2014,0.7503937949233663
1894,767405_2014,0.7380237569059114
1895,790359_2014,0.746444130562902
1896,842518_2014,0.746620877628007
1897,861842_2014,0.7566251165036058
1898,887343_2014,0.7459277701114247
1899,102212_2014,0.7478270967354723
1900,1090009_2014,0.7325466395189879
1901,1178409_2014,0.700618614597356
1902,754673_2014,0.739668869759291
1903,921547_2014,0.727367163528444
1904,946673_2014,0.7544433073674052
1905,1033012_2014,0.6738494547171631
1906,1102266_2014,0.7194937317241531
1907,712771_2014,0.7279809449888768
1908,855874_2014,0.7306342426261011
1909,1074902_2014,0.7433078455115278
1910,1166928_2014,0.7585157288900312
1911,1412665_2014,0.7493190433003467
1912,1507277_2014,0.7283282585402888
1913,1053352_2014,0.7406828766509735
1914,1123270_2014,0.7319606865420165
1915,1485176_2014,0.7371308988424837
1916,1521951_2014,0.7423115563950755
1917,356171_2014,0.7335617809886605
1918,713095_2014,0.7447286899705302
1919,715579_2014,0.745637566117391
1920,726601_2014,0.7198949842791125
1921,736772_2014,0.7504135369284232
1922,737468_2014,0.7540749828063362
1923,764811_2014,0.9999999999999999
1924,811808_2014,0.7387839350351779
1925,913341_2014,0.7448438000422359
1926,914374_2014,0.7516707650613824
1927,934547_2014,0.7458115337274428
1928,726517_2014,0.7351671657758482
1929,763907_2014,0.7228371938487792
1930,854560_2014,0.7524861385827066
1931,906465_2014,0.7303244528054992
1932,1007273_2014,0.7566743366546
1933,1046025_2014,0.7309999948100017
1934,1304740_2014,0.7467694621007948
1935,314489_2014,0.7434576654910225
1936,702513_2014,0.7295459456732126
1937,708781_2014,0.7742289553934789
1938,715072_2014,0.749212058860427
1939,859070_2014,0.7470818125525506
1940,883948_2014,0.735650368098559
1941,90498_2014,0.7379974071151604
1942,1132651_2014,0.7555573428832548
1943,1325670_2014,0.7400753305840727
1944,1488813_2014,0.7321050615912491
1945,714530_2014,0.7286862866320831
1946,741516_2014,0.745726032747984
1947,750686_2014,0.7428745794116562
1948,796534_2014,0.7682836101121403
1949,862831_2014,0.7458961633266431
1950,1005409_2014,0.7473635324438384
1951,1130144_2014,0.7450540175930846
1952,1210227_2014,0.735956468800543
1953,1364856_2014,0.7502860578684456
1954,1401564_2014,0.754179770306513
1955,1543643_2014,0.7216698601397271
1956,709337_2014,0.7388639580215192
1957,714395_2014,0.7596803636259812
1958,887919_2014,0.7502239780067972
1959,1004702_2014,0.7413325065125232
1960,1050441_2014,0.7495398596715832
1961,1060523_2014,0.746390467373176
1962,1071264_2014,0.7217370960666891
1963,1084717_2014,0.7509532401909478
1964,1094810_2014,0.7376057732409371
1965,1118237_2014,0.7294490171267897
1966,1138817_2014,0.7143859151226121
1967,1143155_2014,0.7249697810938351
1968,1253317_2014,0.7298337308583412
1969,1285224_2014,0.7663379219689898
1970,1303942_2014,0.8251323320128623
1971,1323648_2014,0.7328526653945094
1972,1355786_2014,0.7006274709182494
1973,1404296_2014,0.7127324025637756
1974,1493491_2014,0.723864277099827
1975,1497275_2014,0.7512284710617987
1976,350852_2014,0.7550901777856303
1977,351569_2014,0.7462892985155304
1978,705432_2014,0.7234142028882901
1979,707886_2014,0.8236825388486485
1980,711669_2014,0.7331313204460963
1981,712534_2014,0.749499649148723
1982,714562_2014,0.7534942816029444
1983,716605_2014,0.7556051404613859
1984,720002_2014,0.7449592142052053
1985,745981_2014,0.7474867620568042
1986,760498_2014,0.7468324607617969
1987,765207_2014,0.7477352872761693
1988,802681_2014,0.7584793640993152
1989,822662_2014,0.746913975056938
1990,824410_2014,0.7423549935916137
1991,826154_2014,0.8110582226749647
1992,846617_2014,0.730722523060613
1993,914138_2014,0.7315416496510783
1994,920112_2014,0.7346784758891931
1995,921557_2014,0.7379836116386872
1996,1005817_2014,0.7475245189677534
1997,1051343_2014,0.7595616505730969
1998,1057706_2014,0.8386449383554586
1999,1108134_2014,0.7271386043584857
2000,1109242_2014,0.7557087229074858
2001,1169770_2014,0.726648287431308
2002,1228454_2014,0.72992361962676
2003,1295401_2014,0.7543866567746662
2004,1403475_2014,0.7526893446329934
2005,1444397_2014,0.7312980085985437
2006,717538_2014,0.7503913717640855
2007,722256_2014,0.7155696023290659
2008,740663_2014,0.74134963698703
2009,811589_2014,0.7383489588026074
2010,828944_2014,0.7527474090978441
2011,846931_2014,0.7336063910464952
2012,894671_2014,0.7496645979948517
2013,923139_2014,0.7424685679806873
2014,770460_2014,0.6394969228987651
2015,868271_2014,0.7208625983289867
2016,921590_2014,0.7364096000211044
2017,1028954_2014,0.7235420430294531
2018,1476264_2014,0.7353083341631311
2019,1083643_2014,0.739046405818979
2020,1168455_2014,0.7428123142240018
2021,1263762_2014,0.7179452798690891
2022,1127160_2014,0.725990819497808
2023,1127371_2014,0.7238794359840536
2024,1137547_2014,0.7453380227367428
2025,1141688_2014,0.7451140419022012
2026,879635_2014,0.7373822826937402
2027,932781_2014,0.7319852230961638
2028,750574_2014,0.745615829030025
2029,834285_2014,0.7133077976138911
2030,806279_2014,0.7467408135715086
2031,855574_2014,0.7263306377868771
2032,1023860_2014,0.7239121912680275
2033,1027183_2014,0.7235810193507192
2034,1290476_2014,0.6941664902625562
2035,1365997_2014,0.7061073982128561
2036,1373525_2014,0.736454648161775
2037,922487_2014,0.7349076871804733
2038,1060219_2014,0.7173820310680081
2039,740971_2014,0.7249954604916864
2040,1047170_2014,0.7254081506194741
2041,1141807_2014,0.7243674698340488
2042,1343034_2014,0.7380690517128857
2043,1390312_2014,0.7267316715179374
2044,1493552_2014,0.7133570125444345
2045,1562463_2014,0.7239439437903961
2046,315849_2014,0.7383153042959703
2047,706863_2014,0.7581964635160546
2048,865911_2014,0.7115053991012288
2049,893847_2014,0.733027368653097
2050,933590_2014,0.7486794554110915
2051,1041368_2014,0.7273123209518579
2052,1016178_2014,0.706902359075201
2053,1299709_2014,0.7598484186403802
2054,1412109_2014,0.7308508369576929
2055,1375320_2014,0.7325612293740692
2056,1010470_2014,0.7305541565593118
2057,916907_2014,0.7474975392425969
2058,803016_2014,0.7574893186421087
2059,811831_2014,0.7199316218383867
2060,1490906_2014,0.7388234377519071
2061,1367859_2014,0.7181738847179927
2062,1046050_2014,0.7386959665226058
2063,907471_2014,0.737840845358399
2064,1435508_2014,0.7374423679081169
2065,1028734_2015,0.7383970535114007
2066,1212545_2015,0.7637576184160417
2067,1324410_2015,0.7458034507293388
2068,1077428_2015,0.7378873634910282
2069,1303942_2015,0.7295138690478523
2070,1502749_2015,0.7259076242174853
2071,34782_2015,0.7527666116563105
2072,36029_2015,0.7700811375090991
2073,1077771_2015,0.7459568240957287
2074,354869_2015,0.7436740984236748
2075,719220_2015,0.7507484593046473
2076,814184_2015,0.7460057714781649
2077,46195_2015,0.7497971626440562
2078,1115055_2015,0.7522353481226994
2079,1487052_2015,0.7446695648840768
2080,707179_2015,0.7469042876402654
2081,1030469_2015,0.7030267284953086
2082,1504008_2015,0.7504010774523362
2083,318300_2015,0.7191662489254625
2084,868671_2015,0.7601430086832237
2085,101382_2015,0.7310069110373352
2086,1015328_2015,0.7343169165974198
2087,1038205_2015,0.7848154772690844
2088,1139812_2015,0.7489296977237567
2089,1210227_2015,0.7386769157922524
2090,1285224_2015,0.7612359796797952
2091,1331520_2015,0.7692839398575694
2092,1471265_2015,0.7339819546327766
2093,1475841_2015,0.7090946188144883
2094,1488813_2015,0.7348966889955936
2095,19612_2015,0.7456702787676828
2096,203596_2015,0.7460408420321016
2097,37808_2015,0.7441184536312788
2098,700564_2015,0.740865964388703
2099,700733_2015,0.7547281134152348
2100,701347_2015,0.7434486993666457
2101,709337_2015,0.7233013532718129
2102,712534_2015,0.7466326031957085
2103,714310_2015,0.7252852672964163
2104,750577_2015,0.7296013916469122
2105,754673_2015,0.7400427758524198
2106,764038_2015,0.7551311670257459
2107,776901_2015,0.7437565972088432
2108,801337_2015,0.7409362194764206
2109,857855_2015,0.7369097927362237
2110,883948_2015,0.7424927886975567
2111,910322_2015,0.7299760151169987
2112,946647_2015,0.7545899889858492
2113,1049782_2015,0.7404033402132639
2114,1050441_2015,0.7648177614773646
2115,1068851_2015,0.7611480890389486
2116,1102112_2015,0.76578935264073
2117,1128361_2015,0.7552846569822053
2118,1178970_2015,0.745431493169499
2119,1378946_2015,0.7336663409641867
2120,311094_2015,0.7540105624425459
2121,354647_2015,0.7607868077361843
2122,702325_2015,0.7412426947457549
2123,712537_2015,0.7377794815685956
2124,715072_2015,0.7418899706189979
2125,723188_2015,0.75096596939033
2126,729986_2015,0.7522775293657648
2127,790359_2015,0.7447998038224166
2128,811808_2015,0.7514979246336819
2129,821127_2015,0.742008694982859
2130,861842_2015,0.7574416776775038
2131,887343_2015,0.7525894643566385
2132,889936_2015,0.7512703129755571
2133,1090009_2015,0.740896128588893
2134,859070_2015,0.7479187239140322
2135,1102266_2015,0.7471033469124075
2136,1166928_2015,0.7586522915345303
2137,1412665_2015,0.7412301956812488
2138,721994_2015,0.7581189528716966
2139,1053352_2015,0.7349510856586675
2140,1123270_2015,0.7292099317877181
2141,1485176_2015,0.7414557970307493
2142,1507277_2015,0.7332941828520256
2143,1521951_2015,0.7448564491947047
2144,707605_2015,0.727268735842545
2145,714562_2015,0.7486491854967713
2146,715579_2015,0.7463131220430957
2147,726601_2015,0.7187356000116294
2148,736772_2015,0.7468191916807869
2149,764811_2015,0.7171081914473153
2150,824410_2015,0.746944686099357
2151,854560_2015,0.753852574197583
2152,855874_2015,0.7286962859706956
2153,862831_2015,0.7410225061337361
2154,921547_2015,0.7397101800571354
2155,102212_2015,0.7457586401191831
2156,708781_2015,0.7734734865459387
2157,714395_2015,0.7596606651246817
2158,741516_2015,0.7468365444594934
2159,763907_2015,0.7403119888485252
2160,314489_2015,0.7469947393473034
2161,711669_2015,0.7355842463028212
2162,750686_2015,0.7291305226393922
2163,806279_2015,0.7378237718738142
2164,822662_2015,0.7487932394882751
2165,865911_2015,0.740835630088822
2166,914374_2015,0.7366894344595514
2167,1046025_2015,0.7492340239074811
2168,1253317_2015,0.7347210521463746
2169,1401564_2015,0.7452274910004538
2170,796534_2015,0.761973255256038
2171,913341_2015,0.7433563878739836
2172,1074902_2015,0.7435420566896329
2173,1130144_2015,0.7483110438425079
2174,1132651_2015,0.7537950535296983
2175,1228454_2015,0.7234582617535199
2176,1403475_2015,0.7440589639833394
2177,357173_2015,0.7367724191816888
2178,705432_2015,0.7416399667069224
2179,713095_2015,0.7412856621017144
2180,716605_2015,0.7503633901473986
2181,737468_2015,0.7546961120513747
2182,802681_2015,0.7286081229963284
2183,826154_2015,0.7310574993814961
2184,906465_2015,0.7329597733850999
2185,1004702_2015,0.738655292249693
2186,1084717_2015,0.747281706661795
2187,1094810_2015,0.740646939067154
2188,1118237_2015,0.7437184026500957
2189,1163370_2015,0.7561538141986631
2190,1323648_2015,0.6953596921757661
2191,1325670_2015,0.7435635666873859
2192,1364856_2015,0.7540599305063149
2193,1366367_2015,0.7479536687421104
2194,1444397_2015,0.7331973574095074
2195,1497275_2015,0.7401947153349695
2196,1543643_2015,0.7396265101508208
2197,1562463_2015,0.7351505421201137
2198,350852_2015,0.7563030059839025
2199,356171_2015,0.749725203079128
2200,707886_2015,0.7401915713184304
2201,712771_2015,0.7493037430289089
2202,717538_2015,0.7484208429755241
2203,720002_2015,0.7502339838709732
2204,726517_2015,0.731719326826514
2205,745981_2015,0.7294235970113319
2206,760498_2015,0.7475720485627395
2207,765207_2015,0.7496159781957079
2208,811589_2015,0.7395420871944676
2209,834285_2015,0.7119143522562655
2210,914138_2015,0.7308677851514567
2211,920112_2015,0.7385070745135791
2212,921557_2015,0.7407254550833429
2213,1005409_2015,0.7432617585011333
2214,1005817_2015,0.7492278855273279
2215,1033012_2015,0.7546785278326793
2216,1057706_2015,0.7119301362894843
2217,1060523_2015,0.7556591329745546
2218,1108134_2015,0.7320668348397212
2219,1109242_2015,0.7598567583106521
2220,1127371_2015,0.7419201391695636
2221,1169770_2015,0.7373502952510824
2222,1476264_2015,0.7363225250757071
2223,351569_2015,0.7363560864843035
2224,740663_2015,0.7405416621497077
2225,828944_2015,0.7462529598270686
2226,846617_2015,0.7288451031885848
2227,846931_2015,0.730428159672345
2228,887919_2015,0.7480616929218294
2229,90498_2015,0.7473556278111393
2230,923139_2015,0.7398003442043378
2231,933590_2015,0.7336491495844196
2232,946673_2015,0.7246435359770395
2233,868271_2015,0.7304495178419849
2234,1141688_2015,0.7565947639321468
2235,750574_2015,0.7463939233116549
2236,1143155_2015,0.9003021871039785
2237,1141807_2015,0.7434992067938181
2238,922487_2015,0.7652293461746795
2239,932781_2015,0.7354568638211847
2240,1060219_2015,0.7458442381120207
2241,1047170_2015,0.7295391773586539
2242,315849_2015,0.7399426284629953
2243,36506_2015,0.7374919634965367
2244,893847_2015,0.7357113447049225
2245,1016178_2015,0.703564103480247
2246,1299709_2015,0.7663254581425271
2247,881790_2015,0.717868735008143
2248,1010470_2015,0.7408700285097087
2249,916907_2015,0.7502981171099654
2250,1295401_2015,0.716822289104802
2251,811831_2015,0.7410738079395165
2252,1490906_2015,0.7390723927883942
2253,1046050_2015,0.7487787048829656
2254,907471_2015,0.7356106687448469
2255,1303942_2016,0.7247067247494611
2256,1028734_2016,0.7463823073734217
2257,1212545_2016,0.7702683733300859
2258,1324410_2016,0.7365154624991238
2259,1077428_2016,0.7356632626122188
2260,1169770_2016,0.7500833651624947
2261,1038205_2016,0.7667370080368362
2262,1139812_2016,0.7438081334998755
2263,1502749_2016,0.7272101680392224
2264,34782_2016,0.750383010341935
2265,36029_2016,0.7714937654134627
2266,702325_2016,0.7397330756495579
2267,719220_2016,0.7492939590338951
2268,1265131_2016,0.7543877400182227
2269,764038_2016,0.7540651683586923
2270,101382_2016,0.7379634789698899
2271,1077771_2016,0.7454015399625318
2272,701347_2016,0.7425299617880832
2273,776901_2016,0.7478134065380917
2274,868671_2016,0.7603211739708162
2275,883948_2016,0.7445585754882612
2276,1331520_2016,0.7831312423568519
2277,1487052_2016,0.7554515373951576
2278,1488813_2016,0.7410519573073441
2279,1497275_2016,0.7535660715032191
2280,1504008_2016,0.7397854628740828
2281,19612_2016,0.7316412745603779
2282,203596_2016,0.7430556738072268
2283,311094_2016,0.7522743231388528
2284,318300_2016,0.7440515457226468
2285,37808_2016,0.7385939754439474
2286,700564_2016,0.7416769131428735
2287,707179_2016,0.7438673434186556
2288,750577_2016,0.7316513004362821
2289,811808_2016,0.7473488777681587
2290,821127_2016,0.7436565668445257
2291,857855_2016,0.7454525411573494
2292,889936_2016,0.7497612198397857
2293,1015328_2016,0.739622920655807
2294,1049782_2016,0.7399432605725886
2295,1050441_2016,0.7662529373791299
2296,1068851_2016,0.7580306358940286
2297,1070154_2016,0.7475088232471618
2298,1102112_2016,0.7746147162604684
2299,1108134_2016,0.732417707433517
2300,1109242_2016,0.7568331036168183
2301,1115055_2016,0.7540024750940663
2302,1178970_2016,0.7447667631537949
2303,1210227_2016,0.7415385711947013
2304,1378946_2016,0.7346636632948745
2305,1471265_2016,0.7270132012978058
2306,1475841_2016,0.7264983499916687
2307,351569_2016,0.7500720193825944
2308,354647_2016,0.759214425334312
2309,46195_2016,0.7524271779404558
2310,712534_2016,0.7534548802499698
2311,712537_2016,0.7433460722630558
2312,714310_2016,0.7365540237945453
2313,715072_2016,0.7500308952808311
2314,723188_2016,0.7566727052637018
2315,729986_2016,0.7486628543773108
2316,754673_2016,0.7457945981497686
2317,790359_2016,0.7430294719292506
2318,801337_2016,0.7391217090826921
2319,814184_2016,0.7476004582563981
2320,828944_2016,0.7457675331572478
2321,861842_2016,0.7570202828829207
2322,887343_2016,0.7525344060014163
2323,90498_2016,0.7547010018736937
2324,910322_2016,0.725935282166218
2325,946647_2016,0.7552061805544356
2326,946673_2016,0.7424894502192225
2327,1090009_2016,0.746854541963883
2328,1102266_2016,0.7408311692135499
2329,1166928_2016,0.7585618515735066
2330,1412665_2016,0.7333666253086596
2331,721994_2016,0.7573778881181942
2332,854560_2016,0.7479075578046495
2333,102212_2016,0.7246187484062125
2334,1128361_2016,0.741375907600943
2335,712771_2016,0.7351097060132237
2336,715579_2016,0.7437582742786867
2337,736772_2016,0.7392787206683039
2338,824410_2016,0.7457888121500494
2339,859070_2016,0.7503655914375174
2340,865911_2016,0.7282567940481186
2341,913341_2016,0.7448862731955127
2342,921547_2016,0.7409408948252163
2343,1053352_2016,0.7508945971261252
2344,1123270_2016,0.7324092520432507
2345,708781_2016,0.7749494124171546
2346,914374_2016,0.735675066921721
2347,314489_2016,0.7444101815619304
2348,702513_2016,0.7246127074744757
2349,705432_2016,0.7431477586453135
2350,707605_2016,0.7132711378677006
2351,726601_2016,0.7225211059892348
2352,737468_2016,0.7507160620565958
2353,806279_2016,0.7399291931976324
2354,862831_2016,0.7420003000628155
2355,1074902_2016,0.746114164134708
2356,714395_2016,0.75634194619705
2357,714562_2016,0.7604786923752004
2358,763907_2016,0.7285904113116242
2359,796534_2016,0.7572405772090697
2360,1046025_2016,0.7482087143046179
2361,1401564_2016,0.7418435068660653
2362,1562463_2016,0.7328874788412406
2363,356171_2016,0.7477099406820613
2364,709337_2016,0.7500472135401894
2365,711669_2016,0.7357322856735301
2366,716605_2016,0.7448039123172548
2367,717538_2016,0.7488691143913591
2368,750574_2016,0.7471789660133986
2369,855874_2016,0.7284640803158013
2370,1005409_2016,0.7570908372764884
2371,1118237_2016,0.7510399214273419
2372,1130144_2016,0.7421548036568196
2373,1132651_2016,0.7546566976472728
2374,1163370_2016,0.7456300499732444
2375,1253317_2016,0.7380477405273037
2376,1323648_2016,0.7390978124688146
2377,1366367_2016,0.7378225259262055
2378,1403475_2016,0.7542977481458991
2379,1521951_2016,0.7409849441196195
2380,357173_2016,0.7348702017329695
2381,707886_2016,0.7419395422803511
2382,713095_2016,0.7477908024208431
2383,720002_2016,0.7454212223674411
2384,750686_2016,0.7496688787645688
2385,760498_2016,0.7483652277722087
2386,765207_2016,0.750300609875258
2387,802681_2016,0.7503799085240405
2388,822662_2016,0.742980038174808
2389,826154_2016,0.7249459214581512
2390,906465_2016,0.7410393490484072
2391,920112_2016,0.7469456866857747
2392,921557_2016,0.746023497519109
2393,1033012_2016,0.7574975147499815
2394,1057706_2016,0.7385794464941263
2395,1084717_2016,0.738413306515123
2396,1141688_2016,0.7473354751306137
2397,1228454_2016,0.7249428118095803
2398,1543643_2016,0.7444469413667626
2399,350852_2016,0.7569426808806724
2400,726517_2016,0.7359510926062175
2401,811589_2016,0.7376674245905762
2402,834285_2016,0.7157427759955473
2403,846617_2016,0.7426414701837232
2404,914138_2016,0.7321269909652223
2405,1004702_2016,0.7239646594095409
2406,1005817_2016,0.7459531049595183
2407,1030469_2016,0.7441625877580087
2408,1047170_2016,0.7286958439725215
2409,1060523_2016,0.7567293602068165
2410,1094810_2016,0.7416496541235952
2411,1127371_2016,0.7503218397088139
2412,1295401_2016,0.618153901267083
2413,1325670_2016,0.7438288573847343
2414,1476264_2016,0.7436728663972684
2415,740663_2016,0.7428310891405342
2416,741516_2016,0.7468070289003246
2417,745981_2016,0.725691402278056
2418,887919_2016,0.7399586726486826
2419,923139_2016,0.7511749701410874
2420,932781_2016,0.7363380041475872
2421,868271_2016,0.7904102301208242
2422,922487_2016,0.7587785568396795
2423,1141807_2016,0.743467689191739
2424,1143155_2016,0.7805145218086792
2425,1060219_2016,0.7356530383591813
2426,315849_2016,0.7436902317920646
2427,36506_2016,0.7243907099762289
2428,893847_2016,0.7291752136142153
2429,1299709_2016,0.7728333244070873
2430,1010470_2016,0.7323187716237328
2431,811831_2016,0.7381721081985602
2432,916907_2016,0.750571525173386
2433,1490906_2016,0.7437562404780335
2434,1046050_2016,0.7541172858599219
2435,907471_2016,0.7406331714330854
